index_name,date,close_value
Nifty50,2022-01-03,17220.95
Nifty50,2022-01-04,16752.41
Nifty50,2022-01-05,17112.3
Nifty50,2022-01-06,17152.21
Nifty50,2022-01-07,16883.35
Nifty50,2022-01-10,16722.19
Nifty50,2022-01-11,16668.13
Nifty50,2022-01-12,16894.67
Nifty50,2022-01-13,16792.76
Nifty50,2022-01-14,16216.38
Nifty50,2022-01-17,16239.02
Nifty50,2022-01-18,16190.72
Nifty50,2022-01-19,16515.17
Nifty50,2022-01-20,16561.73
Nifty50,2022-01-21,16273.14
Nifty50,2022-01-24,16333.88
Nifty50,2022-01-25,16687.0
Nifty50,2022-01-26,16551.81
Nifty50,2022-01-27,16360.23
Nifty50,2022-01-28,16254.99
Nifty50,2022-01-31,16064.0
Nifty50,2022-02-01,15759.58
Nifty50,2022-02-02,15829.81
Nifty50,2022-02-03,16054.65
Nifty50,2022-02-04,16382.35
Nifty50,2022-02-07,16474.27
Nifty50,2022-02-08,16479.63
Nifty50,2022-02-09,16437.87
Nifty50,2022-02-10,16603.59
Nifty50,2022-02-11,16827.63
Nifty50,2022-02-14,17101.85
Nifty50,2022-02-15,17248.05
Nifty50,2022-02-16,16981.06
Nifty50,2022-02-17,16572.1
Nifty50,2022-02-18,16337.05
Nifty50,2022-02-21,16243.81
Nifty50,2022-02-22,16354.47
Nifty50,2022-02-23,16459.21
Nifty50,2022-02-24,16365.09
Nifty50,2022-02-25,16557.76
Nifty50,2022-02-28,16948.31
Nifty50,2022-03-01,16719.72
Nifty50,2022-03-02,16430.21
Nifty50,2022-03-03,16257.95
Nifty50,2022-03-04,16097.66
Nifty50,2022-03-07,16485.64
Nifty50,2022-03-08,16604.15
Nifty50,2022-03-09,16849.89
Nifty50,2022-03-10,16306.94
Nifty50,2022-03-11,16410.81
Nifty50,2022-03-14,16445.58
Nifty50,2022-03-15,16668.6
Nifty50,2022-03-16,16558.21
Nifty50,2022-03-17,16569.45
Nifty50,2022-03-18,16125.71
Nifty50,2022-03-21,16201.42
Nifty50,2022-03-22,16152.09
Nifty50,2022-03-23,15513.35
Nifty50,2022-03-24,15497.17
Nifty50,2022-03-25,15540.9
Nifty50,2022-03-28,15477.37
Nifty50,2022-03-29,15269.11
Nifty50,2022-03-30,15705.78
Nifty50,2022-03-31,15713.34
Nifty50,2022-04-01,15502.3
Nifty50,2022-04-04,15084.5
Nifty50,2022-04-05,14945.77
Nifty50,2022-04-06,14765.43
Nifty50,2022-04-07,14787.4
Nifty50,2022-04-08,15102.97
Nifty50,2022-04-11,15259.91
Nifty50,2022-04-12,15232.09
Nifty50,2022-04-13,15387.75
Nifty50,2022-04-14,15387.14
Nifty50,2022-04-15,15611.55
Nifty50,2022-04-18,15450.15
Nifty50,2022-04-19,15819.73
Nifty50,2022-04-20,15755.45
Nifty50,2022-04-21,15996.41
Nifty50,2022-04-22,15951.46
Nifty50,2022-04-25,15991.19
Nifty50,2022-04-26,15498.3
Nifty50,2022-04-27,15603.2
Nifty50,2022-04-28,15325.11
Nifty50,2022-04-29,15127.06
Nifty50,2022-05-02,15245.47
Nifty50,2022-05-03,14951.1
Nifty50,2022-05-04,14543.81
Nifty50,2022-05-05,14484.67
Nifty50,2022-05-06,14575.8
Nifty50,2022-05-09,14211.6
Nifty50,2022-05-10,14291.95
Nifty50,2022-05-11,14512.24
Nifty50,2022-05-12,14793.54
Nifty50,2022-05-13,14777.83
Nifty50,2022-05-16,15003.46
Nifty50,2022-05-17,15043.13
Nifty50,2022-05-18,15066.71
Nifty50,2022-05-19,15006.28
Nifty50,2022-05-20,15303.83
Nifty50,2022-05-23,14765.35
Nifty50,2022-05-24,14770.17
Nifty50,2022-05-25,15472.69
Nifty50,2022-05-26,15585.63
Nifty50,2022-05-27,15738.88
Nifty50,2022-05-30,15825.16
Nifty50,2022-05-31,15759.63
Nifty50,2022-06-01,16112.66
Nifty50,2022-06-02,16073.19
Nifty50,2022-06-03,16219.16
Nifty50,2022-06-06,16069.13
Nifty50,2022-06-07,16024.86
Nifty50,2022-06-08,15891.93
Nifty50,2022-06-09,16064.21
Nifty50,2022-06-10,16078.48
Nifty50,2022-06-13,15988.31
Nifty50,2022-06-14,15692.05
Nifty50,2022-06-15,15739.25
Nifty50,2022-06-16,15792.89
Nifty50,2022-06-17,15449.25
Nifty50,2022-06-20,15166.14
Nifty50,2022-06-21,15296.52
Nifty50,2022-06-22,14929.7
Nifty50,2022-06-23,15267.66
Nifty50,2022-06-24,15243.87
Nifty50,2022-06-27,15593.67
Nifty50,2022-06-28,15802.31
Nifty50,2022-06-29,15943.68
Nifty50,2022-06-30,15992.9
Nifty50,2022-07-01,16412.03
Nifty50,2022-07-04,16548.09
Nifty50,2022-07-05,17073.62
Nifty50,2022-07-06,17115.24
Nifty50,2022-07-07,17145.11
Nifty50,2022-07-08,17365.62
Nifty50,2022-07-11,17148.39
Nifty50,2022-07-12,17220.19
Nifty50,2022-07-13,16880.71
Nifty50,2022-07-14,17076.9
Nifty50,2022-07-15,17227.43
Nifty50,2022-07-18,16962.67
Nifty50,2022-07-19,16986.96
Nifty50,2022-07-20,16674.68
Nifty50,2022-07-21,16430.5
Nifty50,2022-07-22,16707.13
Nifty50,2022-07-25,16963.95
Nifty50,2022-07-26,16990.15
Nifty50,2022-07-27,17211.64
Nifty50,2022-07-28,16708.1
Nifty50,2022-07-29,16599.12
Nifty50,2022-08-01,16502.9
Nifty50,2022-08-02,16302.17
Nifty50,2022-08-03,16597.04
Nifty50,2022-08-04,16767.38
Nifty50,2022-08-05,16551.35
Nifty50,2022-08-08,16049.95
Nifty50,2022-08-09,15840.36
Nifty50,2022-08-10,15551.01
Nifty50,2022-08-11,15425.37
Nifty50,2022-08-12,15951.46
Nifty50,2022-08-15,16240.23
Nifty50,2022-08-16,15925.99
Nifty50,2022-08-17,16204.18
Nifty50,2022-08-18,15913.0
Nifty50,2022-08-19,16205.63
Nifty50,2022-08-22,16319.14
Nifty50,2022-08-23,16622.83
Nifty50,2022-08-24,16685.23
Nifty50,2022-08-25,17164.24
Nifty50,2022-08-26,16483.68
Nifty50,2022-08-29,16953.33
Nifty50,2022-08-30,17035.47
Nifty50,2022-08-31,17134.6
Nifty50,2022-09-01,17280.31
Nifty50,2022-09-02,17611.3
Nifty50,2022-09-05,17822.53
Nifty50,2022-09-06,17833.84
Nifty50,2022-09-07,17328.07
Nifty50,2022-09-08,17364.24
Nifty50,2022-09-09,16890.73
Nifty50,2022-09-12,16632.13
Nifty50,2022-09-13,16425.43
Nifty50,2022-09-14,16596.3
Nifty50,2022-09-15,16248.03
Nifty50,2022-09-16,16283.66
Nifty50,2022-09-19,16521.83
Nifty50,2022-09-20,16029.9
Nifty50,2022-09-21,15799.62
Nifty50,2022-09-22,15971.75
Nifty50,2022-09-23,15836.55
Nifty50,2022-09-26,15814.1
Nifty50,2022-09-27,15944.51
Nifty50,2022-09-28,16297.18
Nifty50,2022-09-29,16095.93
Nifty50,2022-09-30,16005.83
Nifty50,2022-10-03,16447.98
Nifty50,2022-10-04,16245.36
Nifty50,2022-10-05,16263.6
Nifty50,2022-10-06,15959.83
Nifty50,2022-10-07,15902.89
Nifty50,2022-10-10,15381.73
Nifty50,2022-10-11,15215.44
Nifty50,2022-10-12,15137.73
Nifty50,2022-10-13,15471.39
Nifty50,2022-10-14,15243.32
Nifty50,2022-10-17,15126.07
Nifty50,2022-10-18,15456.16
Nifty50,2022-10-19,15869.44
Nifty50,2022-10-20,16164.71
Nifty50,2022-10-21,16189.84
Nifty50,2022-10-24,15783.31
Nifty50,2022-10-25,15825.92
Nifty50,2022-10-26,15550.25
Nifty50,2022-10-27,15437.95
Nifty50,2022-10-28,15413.07
Nifty50,2022-10-31,15362.73
Nifty50,2022-11-01,15772.86
Nifty50,2022-11-02,16036.12
Nifty50,2022-11-03,15982.42
Nifty50,2022-11-04,15950.35
Nifty50,2022-11-07,16253.11
Nifty50,2022-11-08,15887.64
Nifty50,2022-11-09,15969.95
Nifty50,2022-11-10,16199.13
Nifty50,2022-11-11,15949.83
Nifty50,2022-11-14,16148.55
Nifty50,2022-11-15,16044.22
Nifty50,2022-11-16,15800.64
Nifty50,2022-11-17,15745.93
Nifty50,2022-11-18,16027.99
Nifty50,2022-11-21,15687.04
Nifty50,2022-11-22,15270.09
Nifty50,2022-11-23,15301.72
Nifty50,2022-11-24,15064.5
Nifty50,2022-11-25,15206.23
Nifty50,2022-11-28,15088.07
Nifty50,2022-11-29,15469.52
Nifty50,2022-11-30,15414.41
Nifty50,2022-12-01,15725.72
Nifty50,2022-12-02,15900.25
Nifty50,2022-12-05,16170.27
Nifty50,2022-12-06,16345.44
Nifty50,2022-12-07,16078.62
Nifty50,2022-12-08,15775.28
Nifty50,2022-12-09,15804.86
Nifty50,2022-12-12,16230.41
Nifty50,2022-12-13,15823.5
Nifty50,2022-12-14,15496.65
Nifty50,2022-12-15,15128.9
Nifty50,2022-12-16,15209.92
Nifty50,2022-12-19,15499.84
Nifty50,2022-12-20,15611.19
Nifty50,2022-12-21,15374.15
Nifty50,2022-12-22,15433.79
Nifty50,2022-12-23,15077.0
Nifty50,2022-12-26,15046.13
Nifty50,2022-12-27,14667.65
Nifty50,2022-12-28,14925.13
Nifty50,2022-12-29,14990.49
Nifty50,2022-12-30,15262.31
Nifty50,2023-01-02,15405.56
Nifty50,2023-01-03,15120.11
Nifty50,2023-01-04,15133.97
Nifty50,2023-01-05,14998.59
Nifty50,2023-01-06,14803.41
Nifty50,2023-01-09,14730.69
Nifty50,2023-01-10,14336.13
Nifty50,2023-01-11,14157.22
Nifty50,2023-01-12,14108.18
Nifty50,2023-01-13,14028.09
Nifty50,2023-01-16,13800.02
Nifty50,2023-01-17,13366.37
Nifty50,2023-01-18,13487.66
Nifty50,2023-01-19,13331.93
Nifty50,2023-01-20,13289.36
Nifty50,2023-01-23,13176.41
Nifty50,2023-01-24,13248.02
Nifty50,2023-01-25,13712.18
Nifty50,2023-01-26,13980.84
Nifty50,2023-01-27,14000.65
Nifty50,2023-01-30,13956.59
Nifty50,2023-01-31,14358.17
Nifty50,2023-02-01,14550.14
Nifty50,2023-02-02,14673.11
Nifty50,2023-02-03,14545.11
Nifty50,2023-02-06,15130.91
Nifty50,2023-02-07,15304.52
Nifty50,2023-02-08,15302.69
Nifty50,2023-02-09,15230.02
Nifty50,2023-02-10,15218.57
Nifty50,2023-02-13,14960.0
Nifty50,2023-02-14,14788.46
Nifty50,2023-02-15,14414.07
Nifty50,2023-02-16,14617.12
Nifty50,2023-02-17,14735.64
Nifty50,2023-02-20,14546.3
Nifty50,2023-02-21,14760.2
Nifty50,2023-02-22,14614.66
Nifty50,2023-02-23,14945.02
Nifty50,2023-02-24,14968.27
Nifty50,2023-02-27,15351.7
Nifty50,2023-02-28,15278.35
Nifty50,2023-03-01,15477.13
Nifty50,2023-03-02,15378.67
Nifty50,2023-03-03,15569.46
Nifty50,2023-03-06,15242.84
Nifty50,2023-03-07,15442.89
Nifty50,2023-03-08,15107.18
Nifty50,2023-03-09,15383.35
Nifty50,2023-03-10,15473.11
Nifty50,2023-03-13,15406.66
Nifty50,2023-03-14,15822.68
Nifty50,2023-03-15,15646.87
Nifty50,2023-03-16,15656.89
Nifty50,2023-03-17,15287.2
Nifty50,2023-03-20,15360.66
Nifty50,2023-03-21,15567.01
Nifty50,2023-03-22,15737.13
Nifty50,2023-03-23,15387.67
Nifty50,2023-03-24,15598.08
Nifty50,2023-03-27,15700.56
Nifty50,2023-03-28,15502.43
Nifty50,2023-03-29,15318.54
Nifty50,2023-03-30,14972.93
Nifty50,2023-03-31,14727.64
Nifty50,2023-04-03,14894.55
Nifty50,2023-04-04,14905.98
Nifty50,2023-04-05,14924.55
Nifty50,2023-04-06,15000.73
Nifty50,2023-04-07,15042.54
Nifty50,2023-04-10,15235.53
Nifty50,2023-04-11,15045.97
Nifty50,2023-04-12,14771.67
Nifty50,2023-04-13,14617.48
Nifty50,2023-04-14,14891.63
Nifty50,2023-04-17,14911.79
Nifty50,2023-04-18,14924.34
Nifty50,2023-04-19,15164.65
Nifty50,2023-04-20,14749.91
Nifty50,2023-04-21,14898.63
Nifty50,2023-04-24,14801.11
Nifty50,2023-04-25,14736.59
Nifty50,2023-04-26,15098.13
Nifty50,2023-04-27,14947.59
Nifty50,2023-04-28,15375.9
Nifty50,2023-05-01,15754.0
Nifty50,2023-05-02,15783.56
Nifty50,2023-05-03,16196.53
Nifty50,2023-05-04,16295.56
Nifty50,2023-05-05,15832.54
Nifty50,2023-05-08,16163.34
Nifty50,2023-05-09,16250.94
Nifty50,2023-05-10,16340.68
Nifty50,2023-05-11,16328.56
Nifty50,2023-05-12,15738.17
Nifty50,2023-05-15,15800.44
Nifty50,2023-05-16,15450.69
Nifty50,2023-05-17,15243.91
Nifty50,2023-05-18,15442.56
Nifty50,2023-05-19,15544.49
Nifty50,2023-05-22,15411.72
Nifty50,2023-05-23,15238.68
Nifty50,2023-05-24,15524.35
Nifty50,2023-05-25,15697.69
Nifty50,2023-05-26,15711.82
Nifty50,2023-05-29,16012.18
Nifty50,2023-05-30,16256.07
Nifty50,2023-05-31,15977.34
Nifty50,2023-06-01,16055.4
Nifty50,2023-06-02,15931.2
Nifty50,2023-06-05,16089.1
Nifty50,2023-06-06,15914.52
Nifty50,2023-06-07,15844.52
Nifty50,2023-06-08,16027.11
Nifty50,2023-06-09,15818.8
Nifty50,2023-06-12,15850.89
Nifty50,2023-06-13,15957.5
Nifty50,2023-06-14,15854.16
Nifty50,2023-06-15,15729.11
Nifty50,2023-06-16,15527.57
Nifty50,2023-06-19,15766.02
Nifty50,2023-06-20,15581.27
Nifty50,2023-06-21,15873.36
Nifty50,2023-06-22,16235.4
Nifty50,2023-06-23,15978.31
Nifty50,2023-06-26,15801.61
Nifty50,2023-06-27,15577.69
Nifty50,2023-06-28,15725.32
Nifty50,2023-06-29,15602.83
Nifty50,2023-06-30,15868.06
Nifty50,2023-07-03,16266.12
Nifty50,2023-07-04,16399.99
Nifty50,2023-07-05,16370.75
Nifty50,2023-07-06,15827.18
Nifty50,2023-07-07,15906.62
Nifty50,2023-07-10,16308.95
Nifty50,2023-07-11,16314.76
Nifty50,2023-07-12,16015.1
Nifty50,2023-07-13,16119.38
Nifty50,2023-07-14,16310.63
Nifty50,2023-07-17,16065.98
Nifty50,2023-07-18,15699.55
Nifty50,2023-07-19,15697.38
Nifty50,2023-07-20,15746.65
Nifty50,2023-07-21,15632.72
Nifty50,2023-07-24,15435.28
Nifty50,2023-07-25,15356.38
Nifty50,2023-07-26,15384.21
Nifty50,2023-07-27,15130.22
Nifty50,2023-07-28,15476.42
Nifty50,2023-07-31,15481.89
Nifty50,2023-08-01,15429.18
Nifty50,2023-08-02,15257.07
Nifty50,2023-08-03,14796.69
Nifty50,2023-08-04,14991.52
Nifty50,2023-08-07,14577.4
Nifty50,2023-08-08,14678.59
Nifty50,2023-08-09,14951.65
Nifty50,2023-08-10,14980.18
Nifty50,2023-08-11,14905.4
Nifty50,2023-08-14,15104.95
Nifty50,2023-08-15,14764.6
Nifty50,2023-08-16,14657.26
Nifty50,2023-08-17,14618.32
Nifty50,2023-08-18,15231.6
Nifty50,2023-08-21,15436.61
Nifty50,2023-08-22,15471.21
Nifty50,2023-08-23,15814.44
Nifty50,2023-08-24,15912.11
Nifty50,2023-08-25,15965.69
Nifty50,2023-08-28,15810.86
Nifty50,2023-08-29,15406.53
Nifty50,2023-08-30,15202.25
Nifty50,2023-08-31,15469.59
Nifty50,2023-09-01,15809.14
Nifty50,2023-09-04,15801.47
Nifty50,2023-09-05,16584.63
Nifty50,2023-09-06,16743.25
Nifty50,2023-09-07,16890.72
Nifty50,2023-09-08,16944.83
Nifty50,2023-09-11,17007.73
Nifty50,2023-09-12,16781.75
Nifty50,2023-09-13,16616.2
Nifty50,2023-09-14,16505.39
Nifty50,2023-09-15,16597.81
Nifty50,2023-09-18,16629.17
Nifty50,2023-09-19,16934.21
Nifty50,2023-09-20,17163.58
Nifty50,2023-09-21,16939.53
Nifty50,2023-09-22,17446.31
Nifty50,2023-09-25,17680.59
Nifty50,2023-09-26,17455.29
Nifty50,2023-09-27,17665.93
Nifty50,2023-09-28,18001.06
Nifty50,2023-09-29,18439.1
Nifty50,2023-10-02,18896.45
Nifty50,2023-10-03,19115.2
Nifty50,2023-10-04,19486.41
Nifty50,2023-10-05,19524.12
Nifty50,2023-10-06,19223.73
Nifty50,2023-10-09,19062.22
Nifty50,2023-10-10,19072.7
Nifty50,2023-10-11,19094.88
Nifty50,2023-10-12,18838.49
Nifty50,2023-10-13,18797.85
Nifty50,2023-10-16,18558.38
Nifty50,2023-10-17,18314.99
Nifty50,2023-10-18,18524.04
Nifty50,2023-10-19,18548.73
Nifty50,2023-10-20,18042.19
Nifty50,2023-10-23,18378.79
Nifty50,2023-10-24,18651.85
Nifty50,2023-10-25,18451.83
Nifty50,2023-10-26,18654.11
Nifty50,2023-10-27,18968.91
Nifty50,2023-10-30,18896.1
Nifty50,2023-10-31,18981.01
Nifty50,2023-11-01,18822.68
Nifty50,2023-11-02,18863.0
Nifty50,2023-11-03,18734.34
Nifty50,2023-11-06,18665.4
Nifty50,2023-11-07,19166.13
Nifty50,2023-11-08,19342.32
Nifty50,2023-11-09,19226.34
Nifty50,2023-11-10,18627.45
Nifty50,2023-11-13,19025.87
Nifty50,2023-11-14,19422.02
Nifty50,2023-11-15,19445.01
Nifty50,2023-11-16,19103.35
Nifty50,2023-11-17,18708.6
Nifty50,2023-11-20,18981.12
Nifty50,2023-11-21,18755.97
Nifty50,2023-11-22,18807.39
Nifty50,2023-11-23,19188.42
Nifty50,2023-11-24,19453.62
Nifty50,2023-11-27,19643.32
Nifty50,2023-11-28,19748.31
Nifty50,2023-11-29,20089.35
Nifty50,2023-11-30,19834.18
Nifty50,2023-12-01,20063.57
Nifty50,2023-12-04,19769.79
Nifty50,2023-12-05,20496.41
Nifty50,2023-12-06,20496.62
Nifty50,2023-12-07,20618.12
Nifty50,2023-12-08,20344.16
Nifty50,2023-12-11,20202.94
Nifty50,2023-12-12,20505.46
Nifty50,2023-12-13,20225.63
Nifty50,2023-12-14,19915.01
Nifty50,2023-12-15,20223.68
Nifty50,2023-12-18,20382.74
Nifty50,2023-12-19,20421.91
Nifty50,2023-12-20,20001.62
Nifty50,2023-12-21,19926.46
Nifty50,2023-12-22,19434.23
Nifty50,2023-12-25,19615.23
Nifty50,2023-12-26,19620.8
Nifty50,2023-12-27,20108.91
Nifty50,2023-12-28,19832.82
Nifty50,2023-12-29,19899.09
Nifty50,2024-01-01,20163.25
Nifty50,2024-01-02,20454.57
Nifty50,2024-01-03,20103.32
Nifty50,2024-01-04,20195.94
Nifty50,2024-01-05,20112.35
Nifty50,2024-01-08,20429.63
Nifty50,2024-01-09,21046.98
Nifty50,2024-01-10,20896.7
Nifty50,2024-01-11,21353.0
Nifty50,2024-01-12,21495.82
Nifty50,2024-01-15,21709.06
Nifty50,2024-01-16,22129.33
Nifty50,2024-01-17,22234.3
Nifty50,2024-01-18,22262.79
Nifty50,2024-01-19,22450.9
Nifty50,2024-01-22,22826.68
Nifty50,2024-01-23,23061.62
Nifty50,2024-01-24,22913.29
Nifty50,2024-01-25,22661.4
Nifty50,2024-01-26,23225.92
Nifty50,2024-01-29,23619.2
Nifty50,2024-01-30,23660.86
Nifty50,2024-01-31,24186.06
Nifty50,2024-02-01,24086.29
Nifty50,2024-02-02,24157.3
Nifty50,2024-02-05,24727.17
Nifty50,2024-02-06,25108.76
Nifty50,2024-02-07,24924.31
Nifty50,2024-02-08,24468.46
Nifty50,2024-02-09,24421.85
Nifty50,2024-02-12,25184.25
Nifty50,2024-02-13,25013.52
Nifty50,2024-02-14,25746.05
Nifty50,2024-02-15,26028.98
Nifty50,2024-02-16,25537.3
Nifty50,2024-02-19,25591.15
Nifty50,2024-02-20,25741.03
Nifty50,2024-02-21,25949.69
Nifty50,2024-02-22,26494.65
Nifty50,2024-02-23,25702.38
Nifty50,2024-02-26,26117.48
Nifty50,2024-02-27,26167.55
Nifty50,2024-02-28,26313.33
Nifty50,2024-02-29,26088.77
Nifty50,2024-03-01,26280.95
Nifty50,2024-03-04,26452.03
Nifty50,2024-03-05,26008.85
Nifty50,2024-03-06,26279.25
Nifty50,2024-03-07,26251.94
Nifty50,2024-03-08,25877.09
Nifty50,2024-03-11,26007.12
Nifty50,2024-03-12,25804.92
Nifty50,2024-03-13,25781.93
Nifty50,2024-03-14,25682.04
Nifty50,2024-03-15,26415.89
Nifty50,2024-03-18,26569.7
Nifty50,2024-03-19,26283.34
Nifty50,2024-03-20,26402.06
Nifty50,2024-03-21,26311.95
Nifty50,2024-03-22,26899.25
Nifty50,2024-03-25,26605.77
Nifty50,2024-03-26,26139.67
Nifty50,2024-03-27,27029.62
Nifty50,2024-03-28,25981.53
Nifty50,2024-03-29,25264.6
Nifty50,2024-04-01,25308.71
Nifty50,2024-04-02,25624.36
Nifty50,2024-04-03,25307.39
Nifty50,2024-04-04,25534.75
Nifty50,2024-04-05,25169.31
Nifty50,2024-04-08,24869.7
Nifty50,2024-04-09,24861.67
Nifty50,2024-04-10,23891.33
Nifty50,2024-04-11,24086.15
Nifty50,2024-04-12,24442.7
Nifty50,2024-04-15,23938.54
Nifty50,2024-04-16,23957.34
Nifty50,2024-04-17,22789.35
Nifty50,2024-04-18,22781.67
Nifty50,2024-04-19,22654.82
Nifty50,2024-04-22,22156.54
Nifty50,2024-04-23,22037.41
Nifty50,2024-04-24,22893.55
Nifty50,2024-04-25,22736.81
Nifty50,2024-04-26,22695.08
Nifty50,2024-04-29,22548.17
Nifty50,2024-04-30,22134.91
Nifty50,2024-05-01,21772.99
Nifty50,2024-05-02,22062.78
Nifty50,2024-05-03,21931.58
Nifty50,2024-05-06,22625.6
Nifty50,2024-05-07,22325.41
Nifty50,2024-05-08,22379.11
Nifty50,2024-05-09,22072.4
Nifty50,2024-05-10,21724.12
Nifty50,2024-05-13,21520.47
Nifty50,2024-05-14,21348.66
Nifty50,2024-05-15,21373.57
Nifty50,2024-05-16,21582.08
Nifty50,2024-05-17,21423.13
Nifty50,2024-05-20,22028.37
Nifty50,2024-05-21,21833.73
Nifty50,2024-05-22,21838.7
Nifty50,2024-05-23,21918.95
Nifty50,2024-05-24,21641.12
Nifty50,2024-05-27,21841.19
Nifty50,2024-05-28,21611.32
Nifty50,2024-05-29,21134.14
Nifty50,2024-05-30,20841.15
Nifty50,2024-05-31,20853.75
Nifty50,2024-06-03,21311.15
Nifty50,2024-06-04,20814.18
Nifty50,2024-06-05,21048.51
Nifty50,2024-06-06,20997.31
Nifty50,2024-06-07,20711.69
Nifty50,2024-06-10,20265.72
Nifty50,2024-06-11,20948.33
Nifty50,2024-06-12,21328.99
Nifty50,2024-06-13,21369.2
Nifty50,2024-06-14,21086.35
Nifty50,2024-06-17,20858.34
Nifty50,2024-06-18,20993.49
Nifty50,2024-06-19,21085.79
Nifty50,2024-06-20,20944.32
Nifty50,2024-06-21,21199.77
Nifty50,2024-06-24,20898.61
Nifty50,2024-06-25,20599.05
Nifty50,2024-06-26,20666.2
Nifty50,2024-06-27,20454.9
Nifty50,2024-06-28,20562.2
Nifty50,2024-07-01,20384.78
Nifty50,2024-07-02,20264.1
Nifty50,2024-07-03,20659.71
Nifty50,2024-07-04,20580.23
Nifty50,2024-07-05,21162.63
Nifty50,2024-07-08,20971.44
Nifty50,2024-07-09,20833.04
Nifty50,2024-07-10,21267.17
Nifty50,2024-07-11,20745.35
Nifty50,2024-07-12,20500.58
Nifty50,2024-07-15,20728.77
Nifty50,2024-07-16,20319.89
Nifty50,2024-07-17,20928.06
Nifty50,2024-07-18,21031.22
Nifty50,2024-07-19,21481.8
Nifty50,2024-07-22,21562.19
Nifty50,2024-07-23,21237.63
Nifty50,2024-07-24,21306.51
Nifty50,2024-07-25,21207.31
Nifty50,2024-07-26,21134.94
Nifty50,2024-07-29,20562.51
Nifty50,2024-07-30,20601.57
Nifty50,2024-07-31,20399.94
Nifty50,2024-08-01,20057.58
Nifty50,2024-08-02,20023.98
Nifty50,2024-08-05,20157.86
Nifty50,2024-08-06,19081.06
Nifty50,2024-08-07,18550.95
Nifty50,2024-08-08,18121.09
Nifty50,2024-08-09,17995.33
Nifty50,2024-08-12,18068.37
Nifty50,2024-08-13,18396.13
Nifty50,2024-08-14,18678.37
Nifty50,2024-08-15,18893.1
Nifty50,2024-08-16,19248.4
Nifty50,2024-08-19,19043.05
Nifty50,2024-08-20,19200.17
Nifty50,2024-08-21,19287.79
Nifty50,2024-08-22,19323.8
Nifty50,2024-08-23,19408.06
Nifty50,2024-08-26,19877.62
Nifty50,2024-08-27,20044.57
Nifty50,2024-08-28,19948.57
Nifty50,2024-08-29,19735.76
Nifty50,2024-08-30,20002.28
Nifty50,2024-09-02,20279.5
Nifty50,2024-09-03,20656.28
Nifty50,2024-09-04,20221.19
Nifty50,2024-09-05,19977.42
Nifty50,2024-09-06,19589.65
Nifty50,2024-09-09,19291.52
Nifty50,2024-09-10,18930.24
Nifty50,2024-09-11,19242.31
Nifty50,2024-09-12,19939.86
Nifty50,2024-09-13,20280.84
Nifty50,2024-09-16,20376.77
Nifty50,2024-09-17,20318.13
Nifty50,2024-09-18,20139.86
Nifty50,2024-09-19,19782.77
Nifty50,2024-09-20,19735.36
Nifty50,2024-09-23,19851.72
Nifty50,2024-09-24,19606.0
Nifty50,2024-09-25,19658.67
Nifty50,2024-09-26,19619.8
Nifty50,2024-09-27,19241.59
Nifty50,2024-09-30,19262.14
Nifty50,2024-10-01,19072.46
Nifty50,2024-10-02,19120.74
Nifty50,2024-10-03,19193.8
Nifty50,2024-10-04,19264.17
Nifty50,2024-10-07,20112.64
Nifty50,2024-10-08,20359.16
Nifty50,2024-10-09,20354.91
Nifty50,2024-10-10,20072.45
Nifty50,2024-10-11,19812.1
Nifty50,2024-10-14,19251.17
Nifty50,2024-10-15,19262.71
Nifty50,2024-10-16,19196.92
Nifty50,2024-10-17,19529.36
Nifty50,2024-10-18,19528.98
Nifty50,2024-10-21,19323.2
Nifty50,2024-10-22,19589.38
Nifty50,2024-10-23,20038.22
Nifty50,2024-10-24,20585.06
Nifty50,2024-10-25,21120.38
Nifty50,2024-10-28,20684.71
Nifty50,2024-10-29,20971.53
Nifty50,2024-10-30,20788.89
Nifty50,2024-10-31,21144.79
Nifty50,2024-11-01,21127.81
Nifty50,2024-11-04,20648.15
Nifty50,2024-11-05,20462.32
Nifty50,2024-11-06,20573.75
Nifty50,2024-11-07,20741.23
Nifty50,2024-11-08,21428.73
Nifty50,2024-11-11,21484.38
Nifty50,2024-11-12,21369.65
Nifty50,2024-11-13,21629.38
Nifty50,2024-11-14,22075.21
Nifty50,2024-11-15,21270.42
Nifty50,2024-11-18,21748.93
Nifty50,2024-11-19,21490.09
Nifty50,2024-11-20,21013.2
Nifty50,2024-11-21,20980.0
Nifty50,2024-11-22,20838.29
Nifty50,2024-11-25,20552.13
Nifty50,2024-11-26,20015.45
Nifty50,2024-11-27,19923.16
Nifty50,2024-11-28,20248.16
Nifty50,2024-11-29,20298.4
Nifty50,2024-12-02,20813.85
Nifty50,2024-12-03,21208.25
Nifty50,2024-12-04,21039.41
Nifty50,2024-12-05,21421.75
Nifty50,2024-12-06,22220.63
Nifty50,2024-12-09,22055.18
Nifty50,2024-12-10,21943.95
Nifty50,2024-12-11,21742.56
Nifty50,2024-12-12,22139.39
Nifty50,2024-12-13,22846.49
Nifty50,2024-12-16,23659.93
Nifty50,2024-12-17,24585.77
Nifty50,2024-12-18,24273.87
Nifty50,2024-12-19,24173.97
Nifty50,2024-12-20,24495.67
Nifty50,2024-12-23,24536.68
Nifty50,2024-12-24,24992.13
Nifty50,2024-12-25,25530.87
Nifty50,2024-12-26,25750.17
Nifty50,2024-12-27,25054.02
Nifty50,2024-12-30,25767.04
Nifty50,2024-12-31,25537.53
Nifty50,2025-01-01,25640.28
Nifty50,2025-01-02,24558.11
Nifty50,2025-01-03,23980.7
Nifty50,2025-01-06,24327.28
Nifty50,2025-01-07,23496.99
Nifty50,2025-01-08,23468.75
Nifty50,2025-01-09,23784.32
Nifty50,2025-01-10,23805.47
Nifty50,2025-01-13,24251.78
Nifty50,2025-01-14,24012.41
Nifty50,2025-01-15,23760.4
Nifty50,2025-01-16,22894.99
Nifty50,2025-01-17,22956.4
Nifty50,2025-01-20,23216.08
Nifty50,2025-01-21,23336.98
Nifty50,2025-01-22,23142.64
Nifty50,2025-01-23,22836.13
Nifty50,2025-01-24,22577.17
Nifty50,2025-01-27,22715.67
Nifty50,2025-01-28,22469.88
Nifty50,2025-01-29,22487.25
Nifty50,2025-01-30,21975.09
Nifty50,2025-01-31,21471.93
Nifty50,2025-02-03,21218.35
Nifty50,2025-02-04,21724.87
Nifty50,2025-02-05,21530.39
Nifty50,2025-02-06,21550.36
Nifty50,2025-02-07,20743.47
Nifty50,2025-02-10,21198.75
Nifty50,2025-02-11,21382.93
Nifty50,2025-02-12,21520.5
Nifty50,2025-02-13,21328.28
Nifty50,2025-02-14,21539.94
Nifty50,2025-02-17,20986.87
Nifty50,2025-02-18,21034.42
Nifty50,2025-02-19,20815.14
Nifty50,2025-02-20,20207.62
Nifty50,2025-02-21,20854.79
Nifty50,2025-02-24,20947.61
Nifty50,2025-02-25,20759.59
Nifty50,2025-02-26,20974.85
Nifty50,2025-02-27,21296.42
Nifty50,2025-02-28,20843.8
Nifty50,2025-03-03,20675.76
Nifty50,2025-03-04,20667.06
Nifty50,2025-03-05,20567.62
Nifty50,2025-03-06,21174.51
Nifty50,2025-03-07,20816.79
Nifty50,2025-03-10,21081.64
Nifty50,2025-03-11,20923.98
Nifty50,2025-03-12,20996.15
Nifty50,2025-03-13,20758.5
Nifty50,2025-03-14,21051.75
Nifty50,2025-03-17,21176.33
Nifty50,2025-03-18,20992.28
Nifty50,2025-03-19,21536.58
Nifty50,2025-03-20,21712.1
Nifty50,2025-03-21,21760.97
Nifty50,2025-03-24,21790.93
Nifty50,2025-03-25,21967.05
Nifty50,2025-03-26,22254.33
Nifty50,2025-03-27,22301.29
Nifty50,2025-03-28,22068.31
Nifty50,2025-03-31,21358.36
Nifty50,2025-04-01,21731.59
Nifty50,2025-04-02,21463.54
Nifty50,2025-04-03,21641.86
Nifty50,2025-04-04,21670.25
Nifty50,2025-04-07,21885.04
Nifty50,2025-04-08,22184.36
Nifty50,2025-04-09,21879.63
Nifty50,2025-04-10,21625.21
Nifty50,2025-04-11,21890.2
Nifty50,2025-04-14,22615.3
Nifty50,2025-04-15,22781.04
Nifty50,2025-04-16,22446.9
Nifty50,2025-04-17,22220.72
Nifty50,2025-04-18,22695.4
Nifty50,2025-04-21,23025.14
Nifty50,2025-04-22,22634.9
Nifty50,2025-04-23,22415.73
Nifty50,2025-04-24,22327.11
Nifty50,2025-04-25,22407.63
Nifty50,2025-04-28,22614.14
Nifty50,2025-04-29,21992.0
Nifty50,2025-04-30,21634.84
Nifty50,2025-05-01,21263.65
Nifty50,2025-05-02,21580.66
Nifty50,2025-05-05,21680.17
Nifty50,2025-05-06,21280.81
Nifty50,2025-05-07,20522.33
Nifty50,2025-05-08,20444.53
Nifty50,2025-05-09,20727.83
Nifty50,2025-05-12,20669.0
Nifty50,2025-05-13,21119.82
Nifty50,2025-05-14,21588.88
Nifty50,2025-05-15,21943.71
Nifty50,2025-05-16,21920.95
Nifty50,2025-05-19,21545.78
Nifty50,2025-05-20,21057.38
Nifty50,2025-05-21,21048.21
Nifty50,2025-05-22,21371.24
Nifty50,2025-05-23,21392.11
Nifty50,2025-05-26,21548.6
Nifty50,2025-05-27,22198.55
Nifty50,2025-05-28,21870.17
Nifty50,2025-05-29,22293.11
Nifty50,2025-05-30,21861.98
Nifty50,2025-06-02,21951.11
Nifty50,2025-06-03,21962.0
Nifty50,2025-06-04,22176.41
Nifty50,2025-06-05,22404.67
Nifty50,2025-06-06,22351.35
Nifty50,2025-06-09,22630.08
Nifty50,2025-06-10,22330.89
Nifty50,2025-06-11,22792.99
Nifty50,2025-06-12,23256.79
Nifty50,2025-06-13,23502.5
Nifty50,2025-06-16,23592.09
Nifty50,2025-06-17,24068.23
Nifty50,2025-06-18,23099.99
Nifty50,2025-06-19,23231.27
Nifty50,2025-06-20,23162.6
Nifty50,2025-06-23,22765.76
Nifty50,2025-06-24,23739.71
Nifty50,2025-06-25,24399.26
Nifty50,2025-06-26,24393.43
Nifty50,2025-06-27,24688.18
Nifty50,2025-06-30,25056.33
Nifty50,2025-07-01,24776.01
Nifty50,2025-07-02,24657.85
Nifty50,2025-07-03,25188.92
Nifty50,2025-07-04,25315.3
Nifty50,2025-07-07,25436.05
Nifty50,2025-07-08,25272.47
Nifty50,2025-07-09,24822.3
Nifty50,2025-07-10,24931.79
Nifty50,2025-07-11,24652.32
Nifty50,2025-07-14,24761.97
Nifty50,2025-07-15,24217.75
Nifty50,2025-07-16,23639.26
Nifty50,2025-07-17,24287.58
Nifty50,2025-07-18,24405.28
Nifty50,2025-07-21,24761.48
Nifty50,2025-07-22,24446.38
Nifty50,2025-07-23,24463.57
Nifty50,2025-07-24,24493.65
Nifty50,2025-07-25,24138.03
Nifty50,2025-07-28,25290.44
Nifty50,2025-07-29,24356.81
Nifty50,2025-07-30,24472.73
Nifty50,2025-07-31,24022.12
Nifty50,2025-08-01,23906.17
Nifty50,2025-08-04,24132.78
Nifty50,2025-08-05,23395.95
Nifty50,2025-08-06,22943.45
Nifty50,2025-08-07,22929.45
Nifty50,2025-08-08,23302.12
Nifty50,2025-08-11,22997.42
Nifty50,2025-08-12,22942.86
Nifty50,2025-08-13,23631.94
Nifty50,2025-08-14,24288.66
Nifty50,2025-08-15,24803.67
Nifty50,2025-08-18,24446.92
Nifty50,2025-08-19,23687.49
Nifty50,2025-08-20,23919.53
Nifty50,2025-08-21,23848.08
Nifty50,2025-08-22,23760.75
Nifty50,2025-08-25,23436.14
Nifty50,2025-08-26,23073.69
Nifty50,2025-08-27,23344.27
Nifty50,2025-08-28,23169.03
Nifty50,2025-08-29,23159.55
Nifty50,2025-09-01,22768.68
Nifty50,2025-09-02,23132.97
Nifty50,2025-09-03,22759.73
Nifty50,2025-09-04,22506.19
Nifty50,2025-09-05,22411.82
Nifty50,2025-09-08,22001.12
Nifty50,2025-09-09,22343.62
Nifty50,2025-09-10,21912.91
Nifty50,2025-09-11,21572.1
Nifty50,2025-09-12,21373.37
Nifty50,2025-09-15,20738.82
Nifty50,2025-09-16,21066.27
Nifty50,2025-09-17,21687.73
Nifty50,2025-09-18,21968.19
Nifty50,2025-09-19,21964.2
Nifty50,2025-09-22,22152.45
Nifty50,2025-09-23,22419.15
Nifty50,2025-09-24,22572.37
Nifty50,2025-09-25,22474.26
Nifty50,2025-09-26,22478.93
Nifty50,2025-09-29,22562.15
Nifty50,2025-09-30,22731.76
Nifty50,2025-10-01,22313.83
Nifty50,2025-10-02,22300.51
Nifty50,2025-10-03,21645.14
Nifty50,2025-10-06,21570.5
Nifty50,2025-10-07,21003.96
Nifty50,2025-10-08,20821.19
Nifty50,2025-10-09,20683.34
Nifty50,2025-10-10,21287.16
Nifty50,2025-10-13,20979.55
Nifty50,2025-10-14,21249.07
Nifty50,2025-10-15,21600.49
Nifty50,2025-10-16,21659.7
Nifty50,2025-10-17,22171.69
Nifty50,2025-10-20,21513.47
Nifty50,2025-10-21,21550.47
Nifty50,2025-10-22,21417.12
Nifty50,2025-10-23,20918.57
Nifty50,2025-10-24,21602.84
Nifty50,2025-10-27,21636.76
Nifty50,2025-10-28,21792.29
Nifty50,2025-10-29,21369.52
Nifty50,2025-10-30,21711.24
Nifty50,2025-10-31,21760.02
Nifty50,2025-11-03,21336.78
Nifty50,2025-11-04,21560.47
Nifty50,2025-11-05,21922.67
Nifty50,2025-11-06,22067.64
Nifty50,2025-11-07,21707.15
Nifty50,2025-11-10,22091.16
Nifty50,2025-11-11,21920.91
Nifty50,2025-11-12,21406.09
Nifty50,2025-11-13,21663.53
Nifty50,2025-11-14,21863.88
Nifty50,2025-11-17,21689.11
Nifty50,2025-11-18,22249.82
Nifty50,2025-11-19,21503.52
Nifty50,2025-11-20,21833.06
Nifty50,2025-11-21,22198.57
Nifty50,2025-11-24,22482.14
Nifty50,2025-11-25,22344.61
Nifty50,2025-11-26,22109.47
Nifty50,2025-11-27,22526.72
Nifty50,2025-11-28,21756.3
Nifty50,2025-12-01,22380.12
Nifty50,2025-12-02,22921.82
Nifty50,2025-12-03,23226.92
Nifty50,2025-12-04,23345.75
Nifty50,2025-12-05,23108.85
Nifty50,2025-12-08,23556.43
Nifty50,2025-12-09,23508.29
Nifty50,2025-12-10,23401.21
Nifty50,2025-12-11,23693.94
Nifty50,2025-12-12,23159.41
Nifty50,2025-12-15,23101.2
Nifty50,2025-12-16,23276.51
Nifty50,2025-12-17,23805.63
Nifty50,2025-12-18,23148.76
Nifty50,2025-12-19,23344.03
Nifty50,2025-12-22,22965.08
Nifty50,2025-12-23,23860.63
Nifty50,2025-12-24,24274.87
Nifty50,2025-12-25,24514.13
Nifty50,2025-12-26,24373.42
Nifty50,2025-12-29,24333.97
Nifty50,2025-12-30,24341.77
Nifty50,2025-12-31,24518.86
Nifty50,2026-01-01,24611.4
Nifty50,2026-01-02,24001.9
Nifty50,2026-01-05,23918.36
Nifty50,2026-01-06,23875.16
Nifty50,2026-01-07,24105.43
Nifty50,2026-01-08,24164.08
Nifty50,2026-01-09,24834.71
Nifty50,2026-01-12,24894.99
Nifty50,2026-01-13,25414.27
Nifty50,2026-01-14,25350.32
Nifty50,2026-01-15,26208.83
Nifty50,2026-01-16,26903.71
Nifty50,2026-01-19,26924.86
Nifty50,2026-01-20,27152.62
Nifty50,2026-01-21,27199.2
Nifty50,2026-01-22,27529.79
Nifty50,2026-01-23,27343.24
Nifty50,2026-01-26,28187.24
Nifty50,2026-01-27,28386.24
Nifty50,2026-01-28,28033.5
Nifty50,2026-01-29,28032.36
Nifty50,2026-01-30,28634.92
Nifty50,2026-02-02,28758.51
Nifty50,2026-02-03,28784.66
Nifty50,2026-02-04,28171.46
Nifty50,2026-02-05,27896.67
Nifty50,2026-02-06,28054.3
Nifty50,2026-02-09,28687.12
Nifty50,2026-02-10,28794.29
Nifty50,2026-02-11,28609.45
Nifty50,2026-02-12,28830.72
Nifty50,2026-02-13,28776.16
Nifty50,2026-02-16,28971.96
Nifty50,2026-02-17,28868.21
Nifty50,2026-02-18,28546.02
Nifty50,2026-02-19,27934.2
Nifty50,2026-02-20,28191.33
Nifty50,2026-02-23,28642.55
Nifty50,2026-02-24,29481.94
Nifty50,2026-02-25,29691.73
Nifty50,2026-02-26,29878.36
Nifty50,2026-02-27,30547.92
Nifty50,2026-03-02,30110.28
Nifty50,2026-03-03,30781.04
Nifty50,2026-03-04,30965.1
Nifty50,2026-03-05,30674.03
Nifty50,2026-03-06,31006.25
Nifty50,2026-03-09,31572.31
Nifty50,2026-03-10,31325.24
Nifty50,2026-03-11,31065.22
Nifty50,2026-03-12,31271.99
Nifty50,2026-03-13,30568.05
Nifty50,2026-03-16,30278.0
Nifty50,2026-03-17,29627.03
Nifty50,2026-03-18,29230.27
Nifty50,2026-03-19,29608.42
Nifty50,2026-03-20,30053.06
Nifty50,2026-03-23,30233.75
Nifty50,2026-03-24,30219.26
Nifty50,2026-03-25,29922.83
Nifty50,2026-03-26,30506.83
Nifty50,2026-03-27,30191.9
Nifty50,2026-03-30,29583.84
Nifty50,2026-03-31,29729.35
Nifty50,2026-04-01,29775.58
Nifty50,2026-04-02,29157.95
Nifty50,2026-04-03,29470.74
Nifty50,2026-04-06,29717.57
Nifty50,2026-04-07,29018.62
Nifty50,2026-04-08,29317.71
Nifty50,2026-04-09,30135.57
Nifty50,2026-04-10,29861.61
Nifty50,2026-04-13,29938.36
Nifty50,2026-04-14,30162.52
Nifty50,2026-04-15,29638.22
Nifty50,2026-04-16,30226.57
Nifty50,2026-04-17,30227.13
Nifty50,2026-04-20,29723.61
Nifty50,2026-04-21,30012.35
Nifty50,2026-04-22,30354.92
Nifty50,2026-04-23,30505.71
Nifty50,2026-04-24,30564.88
Nifty50,2026-04-27,31267.26
Nifty50,2026-04-28,31079.16
Nifty50,2026-04-29,31056.05
Nifty50,2026-04-30,30797.96
Nifty50,2026-05-01,31338.76
Nifty50,2026-05-04,31852.39
Nifty50,2026-05-05,32311.88
Nifty50,2026-05-06,32356.27
Nifty50,2026-05-07,32799.84
Nifty50,2026-05-08,33387.77
Nifty50,2026-05-11,32907.22
Nifty50,2026-05-12,32657.64
Nifty50,2026-05-13,32799.65
Nifty50,2026-05-14,33147.01
Nifty50,2026-05-15,32674.48
Nifty50,2026-05-18,33267.93
Nifty50,2026-05-19,33275.42
Nifty50,2026-05-20,32703.5
Nifty50,2026-05-21,32703.5
Nifty50,2026-05-22,32566.22
Nifty50,2026-05-25,32748.39
Nifty50,2026-05-26,32310.63
Nifty50,2026-05-27,32379.97
Nifty50,2026-05-28,31518.08
Nifty50,2026-05-29,31406.96
Nifty100,2022-01-03,17307.17
Nifty100,2022-01-04,17362.28
Nifty100,2022-01-05,17008.22
Nifty100,2022-01-06,17017.28
Nifty100,2022-01-07,16571.3
Nifty100,2022-01-10,16115.06
Nifty100,2022-01-11,16072.79
Nifty100,2022-01-12,15983.97
Nifty100,2022-01-13,16216.2
Nifty100,2022-01-14,16184.83
Nifty100,2022-01-17,15849.38
Nifty100,2022-01-18,16081.01
Nifty100,2022-01-19,16024.64
Nifty100,2022-01-20,16244.92
Nifty100,2022-01-21,16097.83
Nifty100,2022-01-24,16205.82
Nifty100,2022-01-25,16332.97
Nifty100,2022-01-26,16274.62
Nifty100,2022-01-27,15776.03
Nifty100,2022-01-28,16020.62
Nifty100,2022-01-31,16335.52
Nifty100,2022-02-01,15913.58
Nifty100,2022-02-02,16096.82
Nifty100,2022-02-03,15834.61
Nifty100,2022-02-04,16112.12
Nifty100,2022-02-07,16004.11
Nifty100,2022-02-08,15981.11
Nifty100,2022-02-09,15808.85
Nifty100,2022-02-10,16064.31
Nifty100,2022-02-11,16155.46
Nifty100,2022-02-14,16284.32
Nifty100,2022-02-15,16225.67
Nifty100,2022-02-16,16332.23
Nifty100,2022-02-17,16238.11
Nifty100,2022-02-18,16453.81
Nifty100,2022-02-21,16480.91
Nifty100,2022-02-22,16581.49
Nifty100,2022-02-23,16843.14
Nifty100,2022-02-24,16828.98
Nifty100,2022-02-25,16909.78
Nifty100,2022-02-28,17201.9
Nifty100,2022-03-01,17021.29
Nifty100,2022-03-02,17327.65
Nifty100,2022-03-03,17484.05
Nifty100,2022-03-04,17427.76
Nifty100,2022-03-07,17260.9
Nifty100,2022-03-08,17840.76
Nifty100,2022-03-09,17606.3
Nifty100,2022-03-10,17313.32
Nifty100,2022-03-11,17148.77
Nifty100,2022-03-14,17281.35
Nifty100,2022-03-15,16806.34
Nifty100,2022-03-16,16898.49
Nifty100,2022-03-17,16845.15
Nifty100,2022-03-18,17127.92
Nifty100,2022-03-21,17275.53
Nifty100,2022-03-22,17222.35
Nifty100,2022-03-23,17187.92
Nifty100,2022-03-24,16895.74
Nifty100,2022-03-25,16191.56
Nifty100,2022-03-28,16436.41
Nifty100,2022-03-29,17014.35
Nifty100,2022-03-30,17256.75
Nifty100,2022-03-31,17214.68
Nifty100,2022-04-01,17059.6
Nifty100,2022-04-04,16844.86
Nifty100,2022-04-05,16693.37
Nifty100,2022-04-06,16802.24
Nifty100,2022-04-07,17105.5
Nifty100,2022-04-08,16734.37
Nifty100,2022-04-11,16784.07
Nifty100,2022-04-12,16654.66
Nifty100,2022-04-13,16644.0
Nifty100,2022-04-14,16345.77
Nifty100,2022-04-15,16102.15
Nifty100,2022-04-18,15934.0
Nifty100,2022-04-19,16028.77
Nifty100,2022-04-20,16394.25
Nifty100,2022-04-21,16314.17
Nifty100,2022-04-22,16375.8
Nifty100,2022-04-25,16348.17
Nifty100,2022-04-26,16702.16
Nifty100,2022-04-27,16902.03
Nifty100,2022-04-28,17009.28
Nifty100,2022-04-29,16610.06
Nifty100,2022-05-02,16779.35
Nifty100,2022-05-03,16758.65
Nifty100,2022-05-04,17033.92
Nifty100,2022-05-05,17081.85
Nifty100,2022-05-06,17010.84
Nifty100,2022-05-09,16958.6
Nifty100,2022-05-10,17004.96
Nifty100,2022-05-11,16848.72
Nifty100,2022-05-12,17133.31
Nifty100,2022-05-13,17176.2
Nifty100,2022-05-16,16985.91
Nifty100,2022-05-17,16835.99
Nifty100,2022-05-18,16607.91
Nifty100,2022-05-19,16436.62
Nifty100,2022-05-20,16396.83
Nifty100,2022-05-23,16322.06
Nifty100,2022-05-24,16216.63
Nifty100,2022-05-25,16367.36
Nifty100,2022-05-26,16511.1
Nifty100,2022-05-27,16438.4
Nifty100,2022-05-30,16755.05
Nifty100,2022-05-31,16515.57
Nifty100,2022-06-01,16519.94
Nifty100,2022-06-02,16416.19
Nifty100,2022-06-03,16192.64
Nifty100,2022-06-06,16322.52
Nifty100,2022-06-07,16161.64
Nifty100,2022-06-08,16324.85
Nifty100,2022-06-09,15652.01
Nifty100,2022-06-10,15426.84
Nifty100,2022-06-13,15169.92
Nifty100,2022-06-14,15147.23
Nifty100,2022-06-15,15514.79
Nifty100,2022-06-16,15826.04
Nifty100,2022-06-17,16084.64
Nifty100,2022-06-20,16148.82
Nifty100,2022-06-21,16013.03
Nifty100,2022-06-22,15664.11
Nifty100,2022-06-23,15570.27
Nifty100,2022-06-24,15487.38
Nifty100,2022-06-27,15579.06
Nifty100,2022-06-28,15846.39
Nifty100,2022-06-29,15812.65
Nifty100,2022-06-30,16236.33
Nifty100,2022-07-01,16100.85
Nifty100,2022-07-04,16026.13
Nifty100,2022-07-05,16108.89
Nifty100,2022-07-06,15937.61
Nifty100,2022-07-07,15764.09
Nifty100,2022-07-08,15769.6
Nifty100,2022-07-11,15659.89
Nifty100,2022-07-12,15573.89
Nifty100,2022-07-13,15079.45
Nifty100,2022-07-14,15346.35
Nifty100,2022-07-15,15390.23
Nifty100,2022-07-18,15076.4
Nifty100,2022-07-19,14958.37
Nifty100,2022-07-20,14831.58
Nifty100,2022-07-21,15323.41
Nifty100,2022-07-22,15135.04
Nifty100,2022-07-25,14958.31
Nifty100,2022-07-26,14779.45
Nifty100,2022-07-27,14804.06
Nifty100,2022-07-28,14547.18
Nifty100,2022-07-29,14210.09
Nifty100,2022-08-01,14159.06
Nifty100,2022-08-02,14434.16
Nifty100,2022-08-03,14636.34
Nifty100,2022-08-04,14167.22
Nifty100,2022-08-05,14129.76
Nifty100,2022-08-08,13860.86
Nifty100,2022-08-09,13959.41
Nifty100,2022-08-10,14313.97
Nifty100,2022-08-11,14477.53
Nifty100,2022-08-12,14184.58
Nifty100,2022-08-15,14119.03
Nifty100,2022-08-16,14154.46
Nifty100,2022-08-17,14748.33
Nifty100,2022-08-18,15109.61
Nifty100,2022-08-19,14866.5
Nifty100,2022-08-22,14391.33
Nifty100,2022-08-23,14564.03
Nifty100,2022-08-24,14950.58
Nifty100,2022-08-25,14872.73
Nifty100,2022-08-26,14399.23
Nifty100,2022-08-29,14166.84
Nifty100,2022-08-30,14058.47
Nifty100,2022-08-31,14252.27
Nifty100,2022-09-01,14321.29
Nifty100,2022-09-02,14381.82
Nifty100,2022-09-05,14441.84
Nifty100,2022-09-06,14298.52
Nifty100,2022-09-07,14235.35
Nifty100,2022-09-08,14227.4
Nifty100,2022-09-09,14042.59
Nifty100,2022-09-12,13831.05
Nifty100,2022-09-13,14026.13
Nifty100,2022-09-14,14177.59
Nifty100,2022-09-15,14190.72
Nifty100,2022-09-16,14103.69
Nifty100,2022-09-19,13948.39
Nifty100,2022-09-20,14120.76
Nifty100,2022-09-21,14117.13
Nifty100,2022-09-22,14285.23
Nifty100,2022-09-23,14425.68
Nifty100,2022-09-26,14421.28
Nifty100,2022-09-27,14569.17
Nifty100,2022-09-28,15145.4
Nifty100,2022-09-29,15169.18
Nifty100,2022-09-30,15272.99
Nifty100,2022-10-03,15372.66
Nifty100,2022-10-04,14902.98
Nifty100,2022-10-05,15067.51
Nifty100,2022-10-06,14862.36
Nifty100,2022-10-07,14675.2
Nifty100,2022-10-10,14879.42
Nifty100,2022-10-11,14890.14
Nifty100,2022-10-12,15246.57
Nifty100,2022-10-13,15406.74
Nifty100,2022-10-14,14751.12
Nifty100,2022-10-17,14542.85
Nifty100,2022-10-18,14780.59
Nifty100,2022-10-19,14907.88
Nifty100,2022-10-20,15345.08
Nifty100,2022-10-21,15349.68
Nifty100,2022-10-24,15596.64
Nifty100,2022-10-25,15696.93
Nifty100,2022-10-26,15952.49
Nifty100,2022-10-27,15919.35
Nifty100,2022-10-28,15965.58
Nifty100,2022-10-31,16030.38
Nifty100,2022-11-01,15833.12
Nifty100,2022-11-02,15533.05
Nifty100,2022-11-03,15426.93
Nifty100,2022-11-04,15239.05
Nifty100,2022-11-07,15041.15
Nifty100,2022-11-08,14871.22
Nifty100,2022-11-09,14635.47
Nifty100,2022-11-10,14599.92
Nifty100,2022-11-11,14886.22
Nifty100,2022-11-14,14692.31
Nifty100,2022-11-15,15203.38
Nifty100,2022-11-16,15650.02
Nifty100,2022-11-17,16031.07
Nifty100,2022-11-18,16193.51
Nifty100,2022-11-21,15987.25
Nifty100,2022-11-22,16019.01
Nifty100,2022-11-23,16222.25
Nifty100,2022-11-24,16233.34
Nifty100,2022-11-25,16116.65
Nifty100,2022-11-28,16266.64
Nifty100,2022-11-29,16411.67
Nifty100,2022-11-30,16428.49
Nifty100,2022-12-01,16323.5
Nifty100,2022-12-02,16305.45
Nifty100,2022-12-05,16319.85
Nifty100,2022-12-06,16902.95
Nifty100,2022-12-07,17240.97
Nifty100,2022-12-08,16989.56
Nifty100,2022-12-09,17149.8
Nifty100,2022-12-12,17332.51
Nifty100,2022-12-13,17331.66
Nifty100,2022-12-14,16803.41
Nifty100,2022-12-15,17176.36
Nifty100,2022-12-16,16676.14
Nifty100,2022-12-19,16943.76
Nifty100,2022-12-20,17274.81
Nifty100,2022-12-21,17231.37
Nifty100,2022-12-22,17018.4
Nifty100,2022-12-23,16699.08
Nifty100,2022-12-26,17267.9
Nifty100,2022-12-27,17486.84
Nifty100,2022-12-28,17634.33
Nifty100,2022-12-29,17650.17
Nifty100,2022-12-30,17688.17
Nifty100,2023-01-02,17829.74
Nifty100,2023-01-03,17880.21
Nifty100,2023-01-04,18092.36
Nifty100,2023-01-05,17828.75
Nifty100,2023-01-06,18067.43
Nifty100,2023-01-09,17908.52
Nifty100,2023-01-10,17435.25
Nifty100,2023-01-11,17992.67
Nifty100,2023-01-12,17978.0
Nifty100,2023-01-13,17485.65
Nifty100,2023-01-16,17578.95
Nifty100,2023-01-17,17616.17
Nifty100,2023-01-18,17188.36
Nifty100,2023-01-19,17310.03
Nifty100,2023-01-20,16620.64
Nifty100,2023-01-23,16342.25
Nifty100,2023-01-24,16388.46
Nifty100,2023-01-25,16424.63
Nifty100,2023-01-26,15805.06
Nifty100,2023-01-27,15901.47
Nifty100,2023-01-30,15846.49
Nifty100,2023-01-31,15713.52
Nifty100,2023-02-01,15785.81
Nifty100,2023-02-02,15936.8
Nifty100,2023-02-03,16245.04
Nifty100,2023-02-06,16744.39
Nifty100,2023-02-07,16263.35
Nifty100,2023-02-08,16110.52
Nifty100,2023-02-09,16654.83
Nifty100,2023-02-10,16754.61
Nifty100,2023-02-13,16818.83
Nifty100,2023-02-14,16631.24
Nifty100,2023-02-15,16826.91
Nifty100,2023-02-16,16894.7
Nifty100,2023-02-17,17078.28
Nifty100,2023-02-20,17338.48
Nifty100,2023-02-21,17184.23
Nifty100,2023-02-22,17276.02
Nifty100,2023-02-23,17268.71
Nifty100,2023-02-24,16929.65
Nifty100,2023-02-27,16969.38
Nifty100,2023-02-28,17502.16
Nifty100,2023-03-01,17937.09
Nifty100,2023-03-02,18396.74
Nifty100,2023-03-03,18751.25
Nifty100,2023-03-06,18985.54
Nifty100,2023-03-07,19259.57
Nifty100,2023-03-08,19154.77
Nifty100,2023-03-09,19044.25
Nifty100,2023-03-10,19704.47
Nifty100,2023-03-13,19556.84
Nifty100,2023-03-14,19690.14
Nifty100,2023-03-15,19357.55
Nifty100,2023-03-16,19537.93
Nifty100,2023-03-17,19284.62
Nifty100,2023-03-20,19541.82
Nifty100,2023-03-21,19699.88
Nifty100,2023-03-22,19358.58
Nifty100,2023-03-23,19242.56
Nifty100,2023-03-24,18551.47
Nifty100,2023-03-27,18588.18
Nifty100,2023-03-28,18706.67
Nifty100,2023-03-29,19186.01
Nifty100,2023-03-30,19013.05
Nifty100,2023-03-31,19280.0
Nifty100,2023-04-03,19366.77
Nifty100,2023-04-04,19325.52
Nifty100,2023-04-05,19761.08
Nifty100,2023-04-06,20439.52
Nifty100,2023-04-07,20401.15
Nifty100,2023-04-10,20549.93
Nifty100,2023-04-11,20311.64
Nifty100,2023-04-12,20699.91
Nifty100,2023-04-13,20259.63
Nifty100,2023-04-14,20613.9
Nifty100,2023-04-17,20762.48
Nifty100,2023-04-18,20769.97
Nifty100,2023-04-19,21536.56
Nifty100,2023-04-20,21367.57
Nifty100,2023-04-21,21721.09
Nifty100,2023-04-24,21579.14
Nifty100,2023-04-25,21891.84
Nifty100,2023-04-26,21575.53
Nifty100,2023-04-27,21555.85
Nifty100,2023-04-28,21437.84
Nifty100,2023-05-01,22186.61
Nifty100,2023-05-02,22283.8
Nifty100,2023-05-03,22723.58
Nifty100,2023-05-04,22462.95
Nifty100,2023-05-05,22448.5
Nifty100,2023-05-08,22184.6
Nifty100,2023-05-09,21717.03
Nifty100,2023-05-10,21629.34
Nifty100,2023-05-11,21674.43
Nifty100,2023-05-12,21226.66
Nifty100,2023-05-15,21418.86
Nifty100,2023-05-16,20460.95
Nifty100,2023-05-17,20246.21
Nifty100,2023-05-18,19608.22
Nifty100,2023-05-19,20024.84
Nifty100,2023-05-22,19827.61
Nifty100,2023-05-23,19214.24
Nifty100,2023-05-24,19783.96
Nifty100,2023-05-25,19897.31
Nifty100,2023-05-26,19774.59
Nifty100,2023-05-29,19150.09
Nifty100,2023-05-30,19821.91
Nifty100,2023-05-31,19936.87
Nifty100,2023-06-01,19749.03
Nifty100,2023-06-02,20011.04
Nifty100,2023-06-05,19612.99
Nifty100,2023-06-06,19820.12
Nifty100,2023-06-07,20007.02
Nifty100,2023-06-08,20154.09
Nifty100,2023-06-09,20185.67
Nifty100,2023-06-12,20664.62
Nifty100,2023-06-13,20684.45
Nifty100,2023-06-14,21455.42
Nifty100,2023-06-15,21484.3
Nifty100,2023-06-16,21276.95
Nifty100,2023-06-19,20900.8
Nifty100,2023-06-20,21005.07
Nifty100,2023-06-21,21198.34
Nifty100,2023-06-22,21430.23
Nifty100,2023-06-23,21286.82
Nifty100,2023-06-26,20966.73
Nifty100,2023-06-27,20536.03
Nifty100,2023-06-28,20338.88
Nifty100,2023-06-29,19813.25
Nifty100,2023-06-30,20134.85
Nifty100,2023-07-03,20126.21
Nifty100,2023-07-04,20556.67
Nifty100,2023-07-05,20708.75
Nifty100,2023-07-06,20617.58
Nifty100,2023-07-07,20862.24
Nifty100,2023-07-10,20593.64
Nifty100,2023-07-11,20270.68
Nifty100,2023-07-12,20425.65
Nifty100,2023-07-13,20235.77
Nifty100,2023-07-14,20882.16
Nifty100,2023-07-17,21758.42
Nifty100,2023-07-18,21486.67
Nifty100,2023-07-19,22114.98
Nifty100,2023-07-20,21283.91
Nifty100,2023-07-21,21412.49
Nifty100,2023-07-24,21552.69
Nifty100,2023-07-25,21511.66
Nifty100,2023-07-26,21770.6
Nifty100,2023-07-27,21656.68
Nifty100,2023-07-28,21521.51
Nifty100,2023-07-31,21879.77
Nifty100,2023-08-01,22369.41
Nifty100,2023-08-02,22233.87
Nifty100,2023-08-03,22119.89
Nifty100,2023-08-04,22424.97
Nifty100,2023-08-07,22401.83
Nifty100,2023-08-08,22292.48
Nifty100,2023-08-09,21938.11
Nifty100,2023-08-10,22113.46
Nifty100,2023-08-11,22378.46
Nifty100,2023-08-14,23206.79
Nifty100,2023-08-15,23213.15
Nifty100,2023-08-16,22913.34
Nifty100,2023-08-17,22724.68
Nifty100,2023-08-18,22540.83
Nifty100,2023-08-21,22260.2
Nifty100,2023-08-22,22044.06
Nifty100,2023-08-23,21916.51
Nifty100,2023-08-24,21872.44
Nifty100,2023-08-25,21731.26
Nifty100,2023-08-28,21944.98
Nifty100,2023-08-29,21652.7
Nifty100,2023-08-30,21871.07
Nifty100,2023-08-31,21630.24
Nifty100,2023-09-01,21678.79
Nifty100,2023-09-04,22059.24
Nifty100,2023-09-05,22874.58
Nifty100,2023-09-06,22952.07
Nifty100,2023-09-07,22653.83
Nifty100,2023-09-08,22204.97
Nifty100,2023-09-11,22383.53
Nifty100,2023-09-12,22689.91
Nifty100,2023-09-13,22901.41
Nifty100,2023-09-14,23163.93
Nifty100,2023-09-15,22977.12
Nifty100,2023-09-18,22909.12
Nifty100,2023-09-19,23185.33
Nifty100,2023-09-20,23227.54
Nifty100,2023-09-21,22480.5
Nifty100,2023-09-22,23063.77
Nifty100,2023-09-25,23493.14
Nifty100,2023-09-26,23516.07
Nifty100,2023-09-27,23829.06
Nifty100,2023-09-28,24343.93
Nifty100,2023-09-29,24270.85
Nifty100,2023-10-02,24180.73
Nifty100,2023-10-03,23508.7
Nifty100,2023-10-04,23498.51
Nifty100,2023-10-05,23521.23
Nifty100,2023-10-06,23392.68
Nifty100,2023-10-09,23277.64
Nifty100,2023-10-10,22777.16
Nifty100,2023-10-11,22893.2
Nifty100,2023-10-12,23138.22
Nifty100,2023-10-13,22744.54
Nifty100,2023-10-16,22962.32
Nifty100,2023-10-17,23399.32
Nifty100,2023-10-18,23036.76
Nifty100,2023-10-19,22336.19
Nifty100,2023-10-20,22407.59
Nifty100,2023-10-23,22839.51
Nifty100,2023-10-24,23031.29
Nifty100,2023-10-25,23220.4
Nifty100,2023-10-26,23236.64
Nifty100,2023-10-27,22976.47
Nifty100,2023-10-30,23028.92
Nifty100,2023-10-31,22791.95
Nifty100,2023-11-01,23227.66
Nifty100,2023-11-02,24638.82
Nifty100,2023-11-03,24539.18
Nifty100,2023-11-06,24154.28
Nifty100,2023-11-07,24494.83
Nifty100,2023-11-08,24213.75
Nifty100,2023-11-09,24494.87
Nifty100,2023-11-10,24427.14
Nifty100,2023-11-13,23991.89
Nifty100,2023-11-14,24070.64
Nifty100,2023-11-15,24377.72
Nifty100,2023-11-16,23668.14
Nifty100,2023-11-17,23852.07
Nifty100,2023-11-20,23929.9
Nifty100,2023-11-21,24026.84
Nifty100,2023-11-22,23867.43
Nifty100,2023-11-23,23769.43
Nifty100,2023-11-24,23347.1
Nifty100,2023-11-27,23585.37
Nifty100,2023-11-28,23562.53
Nifty100,2023-11-29,23678.93
Nifty100,2023-11-30,23335.75
Nifty100,2023-12-01,23916.18
Nifty100,2023-12-04,23602.02
Nifty100,2023-12-05,24371.34
Nifty100,2023-12-06,25352.9
Nifty100,2023-12-07,25044.67
Nifty100,2023-12-08,25019.41
Nifty100,2023-12-11,24690.34
Nifty100,2023-12-12,25173.89
Nifty100,2023-12-13,25262.62
Nifty100,2023-12-14,24940.24
Nifty100,2023-12-15,24845.85
Nifty100,2023-12-18,24531.53
Nifty100,2023-12-19,24514.72
Nifty100,2023-12-20,24430.46
Nifty100,2023-12-21,24846.92
Nifty100,2023-12-22,23872.75
Nifty100,2023-12-25,23784.95
Nifty100,2023-12-26,23791.32
Nifty100,2023-12-27,23814.53
Nifty100,2023-12-28,24439.51
Nifty100,2023-12-29,23865.4
Nifty100,2024-01-01,23691.57
Nifty100,2024-01-02,23821.01
Nifty100,2024-01-03,24477.52
Nifty100,2024-01-04,23904.91
Nifty100,2024-01-05,23653.85
Nifty100,2024-01-08,23580.13
Nifty100,2024-01-09,23912.85
Nifty100,2024-01-10,23588.3
Nifty100,2024-01-11,23567.54
Nifty100,2024-01-12,23747.7
Nifty100,2024-01-15,24020.52
Nifty100,2024-01-16,24689.53
Nifty100,2024-01-17,24497.06
Nifty100,2024-01-18,25037.63
Nifty100,2024-01-19,24759.48
Nifty100,2024-01-22,24567.09
Nifty100,2024-01-23,24964.83
Nifty100,2024-01-24,23894.57
Nifty100,2024-01-25,23924.0
Nifty100,2024-01-26,23463.02
Nifty100,2024-01-29,23632.09
Nifty100,2024-01-30,23182.41
Nifty100,2024-01-31,22830.25
Nifty100,2024-02-01,22849.07
Nifty100,2024-02-02,22912.11
Nifty100,2024-02-05,22792.52
Nifty100,2024-02-06,22627.27
Nifty100,2024-02-07,22677.94
Nifty100,2024-02-08,23153.15
Nifty100,2024-02-09,22755.83
Nifty100,2024-02-12,22746.12
Nifty100,2024-02-13,22821.38
Nifty100,2024-02-14,22572.69
Nifty100,2024-02-15,22243.32
Nifty100,2024-02-16,22505.84
Nifty100,2024-02-19,22662.98
Nifty100,2024-02-20,22644.74
Nifty100,2024-02-21,23052.73
Nifty100,2024-02-22,22454.7
Nifty100,2024-02-23,23253.13
Nifty100,2024-02-26,23289.2
Nifty100,2024-02-27,23718.34
Nifty100,2024-02-28,24297.67
Nifty100,2024-02-29,24427.41
Nifty100,2024-03-01,24326.18
Nifty100,2024-03-04,24329.89
Nifty100,2024-03-05,24303.68
Nifty100,2024-03-06,24321.55
Nifty100,2024-03-07,24227.18
Nifty100,2024-03-08,24019.58
Nifty100,2024-03-11,24173.13
Nifty100,2024-03-12,24297.63
Nifty100,2024-03-13,24265.55
Nifty100,2024-03-14,24183.89
Nifty100,2024-03-15,23786.83
Nifty100,2024-03-18,24693.18
Nifty100,2024-03-19,24141.23
Nifty100,2024-03-20,24299.23
Nifty100,2024-03-21,24192.82
Nifty100,2024-03-22,23774.09
Nifty100,2024-03-25,23488.74
Nifty100,2024-03-26,23962.65
Nifty100,2024-03-27,23115.09
Nifty100,2024-03-28,23567.17
Nifty100,2024-03-29,23928.25
Nifty100,2024-04-01,24089.27
Nifty100,2024-04-02,23863.04
Nifty100,2024-04-03,24103.54
Nifty100,2024-04-04,24062.86
Nifty100,2024-04-05,24112.0
Nifty100,2024-04-08,23994.99
Nifty100,2024-04-09,24427.1
Nifty100,2024-04-10,24563.18
Nifty100,2024-04-11,24686.55
Nifty100,2024-04-12,24982.15
Nifty100,2024-04-15,24656.77
Nifty100,2024-04-16,24805.83
Nifty100,2024-04-17,24444.09
Nifty100,2024-04-18,24827.39
Nifty100,2024-04-19,25079.33
Nifty100,2024-04-22,24992.09
Nifty100,2024-04-23,25571.55
Nifty100,2024-04-24,24606.87
Nifty100,2024-04-25,24376.25
Nifty100,2024-04-26,23822.45
Nifty100,2024-04-29,24086.86
Nifty100,2024-04-30,23615.0
Nifty100,2024-05-01,23748.29
Nifty100,2024-05-02,23790.58
Nifty100,2024-05-03,23753.15
Nifty100,2024-05-06,23762.83
Nifty100,2024-05-07,23896.04
Nifty100,2024-05-08,24215.68
Nifty100,2024-05-09,24592.39
Nifty100,2024-05-10,24626.3
Nifty100,2024-05-13,24749.02
Nifty100,2024-05-14,24585.9
Nifty100,2024-05-15,24630.6
Nifty100,2024-05-16,23693.83
Nifty100,2024-05-17,23485.03
Nifty100,2024-05-20,23339.32
Nifty100,2024-05-21,24015.82
Nifty100,2024-05-22,23938.12
Nifty100,2024-05-23,23694.6
Nifty100,2024-05-24,24445.79
Nifty100,2024-05-27,24295.57
Nifty100,2024-05-28,24864.56
Nifty100,2024-05-29,24655.51
Nifty100,2024-05-30,24545.4
Nifty100,2024-05-31,24440.99
Nifty100,2024-06-03,24446.59
Nifty100,2024-06-04,24545.6
Nifty100,2024-06-05,24483.19
Nifty100,2024-06-06,24422.43
Nifty100,2024-06-07,24166.81
Nifty100,2024-06-10,23699.77
Nifty100,2024-06-11,23670.58
Nifty100,2024-06-12,24293.39
Nifty100,2024-06-13,24085.23
Nifty100,2024-06-14,23781.52
Nifty100,2024-06-17,23421.18
Nifty100,2024-06-18,23627.32
Nifty100,2024-06-19,23260.6
Nifty100,2024-06-20,23464.53
Nifty100,2024-06-21,23004.48
Nifty100,2024-06-24,22780.78
Nifty100,2024-06-25,22317.59
Nifty100,2024-06-26,22151.39
Nifty100,2024-06-27,22103.02
Nifty100,2024-06-28,22609.31
Nifty100,2024-07-01,22233.34
Nifty100,2024-07-02,21870.51
Nifty100,2024-07-03,21722.4
Nifty100,2024-07-04,21428.01
Nifty100,2024-07-05,21797.04
Nifty100,2024-07-08,22188.93
Nifty100,2024-07-09,22687.55
Nifty100,2024-07-10,22526.72
Nifty100,2024-07-11,23080.5
Nifty100,2024-07-12,23315.97
Nifty100,2024-07-15,23920.16
Nifty100,2024-07-16,23753.82
Nifty100,2024-07-17,23563.79
Nifty100,2024-07-18,23122.86
Nifty100,2024-07-19,22965.77
Nifty100,2024-07-22,23081.98
Nifty100,2024-07-23,22772.51
Nifty100,2024-07-24,23283.37
Nifty100,2024-07-25,23394.28
Nifty100,2024-07-26,23150.4
Nifty100,2024-07-29,23170.6
Nifty100,2024-07-30,22657.62
Nifty100,2024-07-31,22510.83
Nifty100,2024-08-01,22528.71
Nifty100,2024-08-02,22598.2
Nifty100,2024-08-05,22378.48
Nifty100,2024-08-06,21585.33
Nifty100,2024-08-07,21804.86
Nifty100,2024-08-08,21674.66
Nifty100,2024-08-09,22239.63
Nifty100,2024-08-12,22674.03
Nifty100,2024-08-13,22595.75
Nifty100,2024-08-14,22541.45
Nifty100,2024-08-15,22048.08
Nifty100,2024-08-16,21897.04
Nifty100,2024-08-19,21969.23
Nifty100,2024-08-20,22212.19
Nifty100,2024-08-21,21390.03
Nifty100,2024-08-22,21259.76
Nifty100,2024-08-23,21178.02
Nifty100,2024-08-26,20743.61
Nifty100,2024-08-27,21201.3
Nifty100,2024-08-28,21360.59
Nifty100,2024-08-29,21612.14
Nifty100,2024-08-30,21519.42
Nifty100,2024-09-02,20819.99
Nifty100,2024-09-03,19788.68
Nifty100,2024-09-04,20124.01
Nifty100,2024-09-05,20343.3
Nifty100,2024-09-06,20683.12
Nifty100,2024-09-09,20765.99
Nifty100,2024-09-10,21111.46
Nifty100,2024-09-11,21064.39
Nifty100,2024-09-12,20993.85
Nifty100,2024-09-13,21634.38
Nifty100,2024-09-16,21650.14
Nifty100,2024-09-17,22187.85
Nifty100,2024-09-18,21663.14
Nifty100,2024-09-19,21593.76
Nifty100,2024-09-20,21729.62
Nifty100,2024-09-23,21115.98
Nifty100,2024-09-24,20222.12
Nifty100,2024-09-25,20224.06
Nifty100,2024-09-26,20237.3
Nifty100,2024-09-27,20028.05
Nifty100,2024-09-30,19841.93
Nifty100,2024-10-01,19621.73
Nifty100,2024-10-02,19329.53
Nifty100,2024-10-03,19281.33
Nifty100,2024-10-04,19834.04
Nifty100,2024-10-07,19909.67
Nifty100,2024-10-08,19837.54
Nifty100,2024-10-09,19933.67
Nifty100,2024-10-10,20827.76
Nifty100,2024-10-11,20553.44
Nifty100,2024-10-14,20256.42
Nifty100,2024-10-15,20173.95
Nifty100,2024-10-16,19866.44
Nifty100,2024-10-17,19062.34
Nifty100,2024-10-18,18864.81
Nifty100,2024-10-21,18686.38
Nifty100,2024-10-22,18620.85
Nifty100,2024-10-23,18530.71
Nifty100,2024-10-24,18836.72
Nifty100,2024-10-25,18740.34
Nifty100,2024-10-28,18447.58
Nifty100,2024-10-29,18663.86
Nifty100,2024-10-30,18544.95
Nifty100,2024-10-31,18601.82
Nifty100,2024-11-01,18285.64
Nifty100,2024-11-04,18136.95
Nifty100,2024-11-05,18478.16
Nifty100,2024-11-06,18284.98
Nifty100,2024-11-07,18960.62
Nifty100,2024-11-08,18571.04
Nifty100,2024-11-11,18502.05
Nifty100,2024-11-12,18677.81
Nifty100,2024-11-13,18620.62
Nifty100,2024-11-14,18611.93
Nifty100,2024-11-15,18594.41
Nifty100,2024-11-18,18632.47
Nifty100,2024-11-19,18737.35
Nifty100,2024-11-20,19150.08
Nifty100,2024-11-21,19482.61
Nifty100,2024-11-22,19662.8
Nifty100,2024-11-25,19794.28
Nifty100,2024-11-26,20015.09
Nifty100,2024-11-27,20269.19
Nifty100,2024-11-28,20319.52
Nifty100,2024-11-29,20674.18
Nifty100,2024-12-02,20476.34
Nifty100,2024-12-03,20582.85
Nifty100,2024-12-04,21183.09
Nifty100,2024-12-05,21001.98
Nifty100,2024-12-06,20806.71
Nifty100,2024-12-09,20412.84
Nifty100,2024-12-10,20187.95
Nifty100,2024-12-11,20044.36
Nifty100,2024-12-12,19641.4
Nifty100,2024-12-13,19892.66
Nifty100,2024-12-16,20076.21
Nifty100,2024-12-17,20255.53
Nifty100,2024-12-18,19838.86
Nifty100,2024-12-19,19355.91
Nifty100,2024-12-20,19530.96
Nifty100,2024-12-23,18747.63
Nifty100,2024-12-24,18259.52
Nifty100,2024-12-25,18277.19
Nifty100,2024-12-26,18872.91
Nifty100,2024-12-27,18539.13
Nifty100,2024-12-30,18525.58
Nifty100,2024-12-31,18528.71
Nifty100,2025-01-01,18791.82
Nifty100,2025-01-02,18514.59
Nifty100,2025-01-03,18348.14
Nifty100,2025-01-06,17912.3
Nifty100,2025-01-07,17752.53
Nifty100,2025-01-08,17651.67
Nifty100,2025-01-09,18032.22
Nifty100,2025-01-10,18014.04
Nifty100,2025-01-13,18092.27
Nifty100,2025-01-14,18261.98
Nifty100,2025-01-15,18602.52
Nifty100,2025-01-16,18740.85
Nifty100,2025-01-17,18461.46
Nifty100,2025-01-20,18777.2
Nifty100,2025-01-21,18786.51
Nifty100,2025-01-22,18935.12
Nifty100,2025-01-23,18991.76
Nifty100,2025-01-24,19398.21
Nifty100,2025-01-27,19579.96
Nifty100,2025-01-28,20000.46
Nifty100,2025-01-29,19471.24
Nifty100,2025-01-30,19279.95
Nifty100,2025-01-31,19171.82
Nifty100,2025-02-03,19484.99
Nifty100,2025-02-04,19893.02
Nifty100,2025-02-05,19653.45
Nifty100,2025-02-06,19911.09
Nifty100,2025-02-07,20077.6
Nifty100,2025-02-10,20152.19
Nifty100,2025-02-11,20237.43
Nifty100,2025-02-12,20499.78
Nifty100,2025-02-13,20510.75
Nifty100,2025-02-14,20604.17
Nifty100,2025-02-17,20647.72
Nifty100,2025-02-18,20563.96
Nifty100,2025-02-19,20261.31
Nifty100,2025-02-20,20575.89
Nifty100,2025-02-21,20054.59
Nifty100,2025-02-24,20655.7
Nifty100,2025-02-25,21035.57
Nifty100,2025-02-26,20667.7
Nifty100,2025-02-27,20440.28
Nifty100,2025-02-28,20404.43
Nifty100,2025-03-03,20869.65
Nifty100,2025-03-04,21548.53
Nifty100,2025-03-05,21632.52
Nifty100,2025-03-06,21253.99
Nifty100,2025-03-07,21068.57
Nifty100,2025-03-10,22106.71
Nifty100,2025-03-11,21890.92
Nifty100,2025-03-12,21832.34
Nifty100,2025-03-13,21772.25
Nifty100,2025-03-14,21439.28
Nifty100,2025-03-17,21479.4
Nifty100,2025-03-18,21869.52
Nifty100,2025-03-19,21620.22
Nifty100,2025-03-20,21958.53
Nifty100,2025-03-21,22349.39
Nifty100,2025-03-24,21987.66
Nifty100,2025-03-25,22136.88
Nifty100,2025-03-26,21995.83
Nifty100,2025-03-27,22042.18
Nifty100,2025-03-28,22123.01
Nifty100,2025-03-31,21971.84
Nifty100,2025-04-01,21838.8
Nifty100,2025-04-02,22723.64
Nifty100,2025-04-03,22619.56
Nifty100,2025-04-04,22327.27
Nifty100,2025-04-07,22075.43
Nifty100,2025-04-08,22250.21
Nifty100,2025-04-09,22541.76
Nifty100,2025-04-10,22435.98
Nifty100,2025-04-11,22377.18
Nifty100,2025-04-14,22387.84
Nifty100,2025-04-15,22640.1
Nifty100,2025-04-16,22677.54
Nifty100,2025-04-17,22396.08
Nifty100,2025-04-18,22095.29
Nifty100,2025-04-21,22321.88
Nifty100,2025-04-22,22211.84
Nifty100,2025-04-23,22435.37
Nifty100,2025-04-24,22079.97
Nifty100,2025-04-25,21099.45
Nifty100,2025-04-28,21069.66
Nifty100,2025-04-29,21285.26
Nifty100,2025-04-30,20886.59
Nifty100,2025-05-01,21019.14
Nifty100,2025-05-02,20804.58
Nifty100,2025-05-05,20475.61
Nifty100,2025-05-06,20584.11
Nifty100,2025-05-07,19917.15
Nifty100,2025-05-08,20505.27
Nifty100,2025-05-09,20860.73
Nifty100,2025-05-12,20757.42
Nifty100,2025-05-13,20681.68
Nifty100,2025-05-14,20889.97
Nifty100,2025-05-15,20737.33
Nifty100,2025-05-16,21034.31
Nifty100,2025-05-19,22196.51
Nifty100,2025-05-20,22332.22
Nifty100,2025-05-21,21946.75
Nifty100,2025-05-22,22591.93
Nifty100,2025-05-23,22981.38
Nifty100,2025-05-26,22881.19
Nifty100,2025-05-27,22495.63
Nifty100,2025-05-28,22975.9
Nifty100,2025-05-29,22623.22
Nifty100,2025-05-30,22708.07
Nifty100,2025-06-02,22974.46
Nifty100,2025-06-03,22552.41
Nifty100,2025-06-04,22409.55
Nifty100,2025-06-05,22555.67
Nifty100,2025-06-06,22828.18
Nifty100,2025-06-09,22672.63
Nifty100,2025-06-10,23087.59
Nifty100,2025-06-11,23064.16
Nifty100,2025-06-12,22891.82
Nifty100,2025-06-13,22768.57
Nifty100,2025-06-16,22924.9
Nifty100,2025-06-17,22569.24
Nifty100,2025-06-18,22562.93
Nifty100,2025-06-19,22879.05
Nifty100,2025-06-20,22896.75
Nifty100,2025-06-23,22808.15
Nifty100,2025-06-24,22397.66
Nifty100,2025-06-25,22411.8
Nifty100,2025-06-26,22497.75
Nifty100,2025-06-27,22783.18
Nifty100,2025-06-30,22705.14
Nifty100,2025-07-01,22800.87
Nifty100,2025-07-02,23186.72
Nifty100,2025-07-03,23538.52
Nifty100,2025-07-04,23584.61
Nifty100,2025-07-07,23231.19
Nifty100,2025-07-08,23057.32
Nifty100,2025-07-09,23019.51
Nifty100,2025-07-10,22900.99
Nifty100,2025-07-11,22866.22
Nifty100,2025-07-14,23144.12
Nifty100,2025-07-15,24392.16
Nifty100,2025-07-16,24188.23
Nifty100,2025-07-17,24125.41
Nifty100,2025-07-18,24555.74
Nifty100,2025-07-21,24902.89
Nifty100,2025-07-22,24728.71
Nifty100,2025-07-23,23944.85
Nifty100,2025-07-24,23634.41
Nifty100,2025-07-25,24111.77
Nifty100,2025-07-28,23958.74
Nifty100,2025-07-29,24191.27
Nifty100,2025-07-30,24382.5
Nifty100,2025-07-31,24534.4
Nifty100,2025-08-01,23817.89
Nifty100,2025-08-04,23969.94
Nifty100,2025-08-05,24411.74
Nifty100,2025-08-06,24799.02
Nifty100,2025-08-07,25015.59
Nifty100,2025-08-08,25634.43
Nifty100,2025-08-11,25503.71
Nifty100,2025-08-12,25781.98
Nifty100,2025-08-13,25750.69
Nifty100,2025-08-14,25662.59
Nifty100,2025-08-15,25933.95
Nifty100,2025-08-18,25682.31
Nifty100,2025-08-19,25789.37
Nifty100,2025-08-20,25173.82
Nifty100,2025-08-21,24698.3
Nifty100,2025-08-22,24897.81
Nifty100,2025-08-25,24814.52
Nifty100,2025-08-26,25351.42
Nifty100,2025-08-27,25314.34
Nifty100,2025-08-28,25366.68
Nifty100,2025-08-29,24847.89
Nifty100,2025-09-01,24370.85
Nifty100,2025-09-02,24130.6
Nifty100,2025-09-03,24174.51
Nifty100,2025-09-04,24487.86
Nifty100,2025-09-05,24278.92
Nifty100,2025-09-08,24215.13
Nifty100,2025-09-09,24426.83
Nifty100,2025-09-10,24555.77
Nifty100,2025-09-11,24531.62
Nifty100,2025-09-12,24909.86
Nifty100,2025-09-15,25140.58
Nifty100,2025-09-16,25029.93
Nifty100,2025-09-17,24978.88
Nifty100,2025-09-18,25197.78
Nifty100,2025-09-19,25737.59
Nifty100,2025-09-22,25036.22
Nifty100,2025-09-23,25250.79
Nifty100,2025-09-24,25718.79
Nifty100,2025-09-25,26421.9
Nifty100,2025-09-26,26304.33
Nifty100,2025-09-29,26929.8
Nifty100,2025-09-30,26857.72
Nifty100,2025-10-01,26969.46
Nifty100,2025-10-02,27019.94
Nifty100,2025-10-03,27142.43
Nifty100,2025-10-06,27067.4
Nifty100,2025-10-07,27348.26
Nifty100,2025-10-08,27588.31
Nifty100,2025-10-09,27040.28
Nifty100,2025-10-10,26956.34
Nifty100,2025-10-13,26485.37
Nifty100,2025-10-14,26554.22
Nifty100,2025-10-15,26217.42
Nifty100,2025-10-16,25624.56
Nifty100,2025-10-17,25605.93
Nifty100,2025-10-20,26071.15
Nifty100,2025-10-21,26272.77
Nifty100,2025-10-22,26851.01
Nifty100,2025-10-23,27916.11
Nifty100,2025-10-24,27671.08
Nifty100,2025-10-27,27414.76
Nifty100,2025-10-28,27519.22
Nifty100,2025-10-29,27862.9
Nifty100,2025-10-30,27802.64
Nifty100,2025-10-31,27477.63
Nifty100,2025-11-03,27309.69
Nifty100,2025-11-04,27813.75
Nifty100,2025-11-05,28284.25
Nifty100,2025-11-06,28282.69
Nifty100,2025-11-07,29296.57
Nifty100,2025-11-10,29215.68
Nifty100,2025-11-11,28331.77
Nifty100,2025-11-12,27878.8
Nifty100,2025-11-13,27614.72
Nifty100,2025-11-14,28029.85
Nifty100,2025-11-17,28114.8
Nifty100,2025-11-18,28776.77
Nifty100,2025-11-19,28429.06
Nifty100,2025-11-20,28450.89
Nifty100,2025-11-21,29255.76
Nifty100,2025-11-24,29146.64
Nifty100,2025-11-25,28527.77
Nifty100,2025-11-26,28653.27
Nifty100,2025-11-27,28342.0
Nifty100,2025-11-28,28911.78
Nifty100,2025-12-01,28235.86
Nifty100,2025-12-02,27983.44
Nifty100,2025-12-03,27844.8
Nifty100,2025-12-04,27662.27
Nifty100,2025-12-05,27861.2
Nifty100,2025-12-08,28088.74
Nifty100,2025-12-09,28013.39
Nifty100,2025-12-10,28115.87
Nifty100,2025-12-11,28097.85
Nifty100,2025-12-12,28584.07
Nifty100,2025-12-15,28723.04
Nifty100,2025-12-16,29281.9
Nifty100,2025-12-17,29423.51
Nifty100,2025-12-18,29223.17
Nifty100,2025-12-19,29172.59
Nifty100,2025-12-22,29263.19
Nifty100,2025-12-23,29160.58
Nifty100,2025-12-24,28971.99
Nifty100,2025-12-25,28619.11
Nifty100,2025-12-26,29121.16
Nifty100,2025-12-29,29848.22
Nifty100,2025-12-30,29512.27
Nifty100,2025-12-31,28976.91
Nifty100,2026-01-01,29348.67
Nifty100,2026-01-02,29339.22
Nifty100,2026-01-05,28839.51
Nifty100,2026-01-06,28679.93
Nifty100,2026-01-07,28464.41
Nifty100,2026-01-08,27534.84
Nifty100,2026-01-09,27529.31
Nifty100,2026-01-12,27621.78
Nifty100,2026-01-13,28656.24
Nifty100,2026-01-14,28561.92
Nifty100,2026-01-15,28943.42
Nifty100,2026-01-16,29456.7
Nifty100,2026-01-19,30467.29
Nifty100,2026-01-20,30752.49
Nifty100,2026-01-21,30854.0
Nifty100,2026-01-22,30925.68
Nifty100,2026-01-23,29708.03
Nifty100,2026-01-26,29813.1
Nifty100,2026-01-27,29476.76
Nifty100,2026-01-28,29397.19
Nifty100,2026-01-29,29366.77
Nifty100,2026-01-30,30041.45
Nifty100,2026-02-02,29801.47
Nifty100,2026-02-03,29308.15
Nifty100,2026-02-04,30166.71
Nifty100,2026-02-05,29991.48
Nifty100,2026-02-06,29760.0
Nifty100,2026-02-09,29668.27
Nifty100,2026-02-10,29370.79
Nifty100,2026-02-11,29183.68
Nifty100,2026-02-12,29826.33
Nifty100,2026-02-13,29887.26
Nifty100,2026-02-16,30327.34
Nifty100,2026-02-17,30158.2
Nifty100,2026-02-18,30322.28
Nifty100,2026-02-19,30666.74
Nifty100,2026-02-20,31430.6
Nifty100,2026-02-23,31194.57
Nifty100,2026-02-24,30682.48
Nifty100,2026-02-25,31210.14
Nifty100,2026-02-26,31080.85
Nifty100,2026-02-27,30432.6
Nifty100,2026-03-02,30148.63
Nifty100,2026-03-03,30018.6
Nifty100,2026-03-04,30047.29
Nifty100,2026-03-05,29702.44
Nifty100,2026-03-06,30291.78
Nifty100,2026-03-09,30428.5
Nifty100,2026-03-10,30419.31
Nifty100,2026-03-11,30708.78
Nifty100,2026-03-12,30971.47
Nifty100,2026-03-13,31141.74
Nifty100,2026-03-16,30266.37
Nifty100,2026-03-17,29810.18
Nifty100,2026-03-18,30190.09
Nifty100,2026-03-19,31196.39
Nifty100,2026-03-20,31391.27
Nifty100,2026-03-23,31465.13
Nifty100,2026-03-24,31110.48
Nifty100,2026-03-25,31431.64
Nifty100,2026-03-26,31852.77
Nifty100,2026-03-27,31874.11
Nifty100,2026-03-30,32070.77
Nifty100,2026-03-31,31999.87
Nifty100,2026-04-01,32265.46
Nifty100,2026-04-02,32092.96
Nifty100,2026-04-03,31135.53
Nifty100,2026-04-06,31239.54
Nifty100,2026-04-07,31129.46
Nifty100,2026-04-08,30447.73
Nifty100,2026-04-09,30630.28
Nifty100,2026-04-10,29964.88
Nifty100,2026-04-13,29769.82
Nifty100,2026-04-14,30076.56
Nifty100,2026-04-15,30384.47
Nifty100,2026-04-16,31968.83
Nifty100,2026-04-17,32597.15
Nifty100,2026-04-20,33085.85
Nifty100,2026-04-21,33040.49
Nifty100,2026-04-22,33456.09
Nifty100,2026-04-23,33950.49
Nifty100,2026-04-24,34364.95
Nifty100,2026-04-27,34689.7
Nifty100,2026-04-28,34774.03
Nifty100,2026-04-29,33636.86
Nifty100,2026-04-30,33680.67
Nifty100,2026-05-01,34523.95
Nifty100,2026-05-04,34329.46
Nifty100,2026-05-05,35217.88
Nifty100,2026-05-06,35487.64
Nifty100,2026-05-07,35880.81
Nifty100,2026-05-08,36069.09
Nifty100,2026-05-11,36212.81
Nifty100,2026-05-12,36540.99
Nifty100,2026-05-13,35610.89
Nifty100,2026-05-14,34787.02
Nifty100,2026-05-15,34535.19
Nifty100,2026-05-18,34303.16
Nifty100,2026-05-19,35467.38
Nifty100,2026-05-20,35452.24
Nifty100,2026-05-21,35817.27
Nifty100,2026-05-22,36111.33
Nifty100,2026-05-25,36157.22
Nifty100,2026-05-26,36144.87
Nifty100,2026-05-27,35670.32
Nifty100,2026-05-28,34889.13
Nifty100,2026-05-29,34170.27
NiftyMidcap150,2022-01-03,8012.04
NiftyMidcap150,2022-01-04,7802.33
NiftyMidcap150,2022-01-05,7762.77
NiftyMidcap150,2022-01-06,7843.48
NiftyMidcap150,2022-01-07,8001.64
NiftyMidcap150,2022-01-10,7703.23
NiftyMidcap150,2022-01-11,7630.13
NiftyMidcap150,2022-01-12,7560.88
NiftyMidcap150,2022-01-13,7778.98
NiftyMidcap150,2022-01-14,8026.04
NiftyMidcap150,2022-01-17,8062.01
NiftyMidcap150,2022-01-18,7940.97
NiftyMidcap150,2022-01-19,7701.02
NiftyMidcap150,2022-01-20,7683.62
NiftyMidcap150,2022-01-21,7474.06
NiftyMidcap150,2022-01-24,7391.58
NiftyMidcap150,2022-01-25,7534.57
NiftyMidcap150,2022-01-26,7457.99
NiftyMidcap150,2022-01-27,7380.15
NiftyMidcap150,2022-01-28,7216.44
NiftyMidcap150,2022-01-31,7183.03
NiftyMidcap150,2022-02-01,7207.97
NiftyMidcap150,2022-02-02,7382.43
NiftyMidcap150,2022-02-03,7374.51
NiftyMidcap150,2022-02-04,7100.29
NiftyMidcap150,2022-02-07,7220.55
NiftyMidcap150,2022-02-08,6965.4
NiftyMidcap150,2022-02-09,6881.81
NiftyMidcap150,2022-02-10,6947.27
NiftyMidcap150,2022-02-11,7140.74
NiftyMidcap150,2022-02-14,7273.25
NiftyMidcap150,2022-02-15,7033.93
NiftyMidcap150,2022-02-16,7039.73
NiftyMidcap150,2022-02-17,6747.79
NiftyMidcap150,2022-02-18,6605.17
NiftyMidcap150,2022-02-21,6652.93
NiftyMidcap150,2022-02-22,6778.37
NiftyMidcap150,2022-02-23,6821.67
NiftyMidcap150,2022-02-24,6749.4
NiftyMidcap150,2022-02-25,6675.17
NiftyMidcap150,2022-02-28,6665.95
NiftyMidcap150,2022-03-01,6790.15
NiftyMidcap150,2022-03-02,6602.55
NiftyMidcap150,2022-03-03,6536.48
NiftyMidcap150,2022-03-04,6624.8
NiftyMidcap150,2022-03-07,6613.72
NiftyMidcap150,2022-03-08,6491.55
NiftyMidcap150,2022-03-09,6505.28
NiftyMidcap150,2022-03-10,6600.44
NiftyMidcap150,2022-03-11,6440.36
NiftyMidcap150,2022-03-14,6367.82
NiftyMidcap150,2022-03-15,6302.93
NiftyMidcap150,2022-03-16,6265.13
NiftyMidcap150,2022-03-17,6147.4
NiftyMidcap150,2022-03-18,6081.66
NiftyMidcap150,2022-03-21,6197.51
NiftyMidcap150,2022-03-22,6157.45
NiftyMidcap150,2022-03-23,6177.31
NiftyMidcap150,2022-03-24,6162.28
NiftyMidcap150,2022-03-25,6193.27
NiftyMidcap150,2022-03-28,6344.9
NiftyMidcap150,2022-03-29,6426.5
NiftyMidcap150,2022-03-30,6509.98
NiftyMidcap150,2022-03-31,6307.2
NiftyMidcap150,2022-04-01,6164.08
NiftyMidcap150,2022-04-04,5993.48
NiftyMidcap150,2022-04-05,6041.71
NiftyMidcap150,2022-04-06,6329.54
NiftyMidcap150,2022-04-07,6335.74
NiftyMidcap150,2022-04-08,6304.89
NiftyMidcap150,2022-04-11,6176.59
NiftyMidcap150,2022-04-12,6266.83
NiftyMidcap150,2022-04-13,6116.07
NiftyMidcap150,2022-04-14,6021.95
NiftyMidcap150,2022-04-15,6306.8
NiftyMidcap150,2022-04-18,6235.11
NiftyMidcap150,2022-04-19,6481.9
NiftyMidcap150,2022-04-20,6574.54
NiftyMidcap150,2022-04-21,6346.08
NiftyMidcap150,2022-04-22,6393.59
NiftyMidcap150,2022-04-25,6153.3
NiftyMidcap150,2022-04-26,6114.67
NiftyMidcap150,2022-04-27,6245.97
NiftyMidcap150,2022-04-28,6254.77
NiftyMidcap150,2022-04-29,6306.74
NiftyMidcap150,2022-05-02,6351.99
NiftyMidcap150,2022-05-03,6537.52
NiftyMidcap150,2022-05-04,6686.43
NiftyMidcap150,2022-05-05,6604.76
NiftyMidcap150,2022-05-06,6716.09
NiftyMidcap150,2022-05-09,6690.71
NiftyMidcap150,2022-05-10,6709.68
NiftyMidcap150,2022-05-11,6641.45
NiftyMidcap150,2022-05-12,6727.34
NiftyMidcap150,2022-05-13,6520.12
NiftyMidcap150,2022-05-16,6327.88
NiftyMidcap150,2022-05-17,6587.4
NiftyMidcap150,2022-05-18,6412.56
NiftyMidcap150,2022-05-19,6488.71
NiftyMidcap150,2022-05-20,6459.29
NiftyMidcap150,2022-05-23,6515.92
NiftyMidcap150,2022-05-24,6540.02
NiftyMidcap150,2022-05-25,6493.71
NiftyMidcap150,2022-05-26,6443.1
NiftyMidcap150,2022-05-27,6494.9
NiftyMidcap150,2022-05-30,6439.31
NiftyMidcap150,2022-05-31,6411.14
NiftyMidcap150,2022-06-01,6374.23
NiftyMidcap150,2022-06-02,6221.21
NiftyMidcap150,2022-06-03,6310.08
NiftyMidcap150,2022-06-06,6242.61
NiftyMidcap150,2022-06-07,6323.29
NiftyMidcap150,2022-06-08,6375.1
NiftyMidcap150,2022-06-09,6379.26
NiftyMidcap150,2022-06-10,6615.67
NiftyMidcap150,2022-06-13,6734.21
NiftyMidcap150,2022-06-14,6728.15
NiftyMidcap150,2022-06-15,6744.33
NiftyMidcap150,2022-06-16,6782.47
NiftyMidcap150,2022-06-17,6676.91
NiftyMidcap150,2022-06-20,6778.08
NiftyMidcap150,2022-06-21,6337.65
NiftyMidcap150,2022-06-22,6387.75
NiftyMidcap150,2022-06-23,6610.0
NiftyMidcap150,2022-06-24,6669.38
NiftyMidcap150,2022-06-27,6712.43
NiftyMidcap150,2022-06-28,6802.24
NiftyMidcap150,2022-06-29,6799.01
NiftyMidcap150,2022-06-30,6938.9
NiftyMidcap150,2022-07-01,7056.96
NiftyMidcap150,2022-07-04,7266.23
NiftyMidcap150,2022-07-05,7622.57
NiftyMidcap150,2022-07-06,7388.29
NiftyMidcap150,2022-07-07,7369.01
NiftyMidcap150,2022-07-08,7266.01
NiftyMidcap150,2022-07-11,7432.3
NiftyMidcap150,2022-07-12,7692.81
NiftyMidcap150,2022-07-13,7751.11
NiftyMidcap150,2022-07-14,8142.56
NiftyMidcap150,2022-07-15,8628.53
NiftyMidcap150,2022-07-18,8543.31
NiftyMidcap150,2022-07-19,8661.59
NiftyMidcap150,2022-07-20,8668.78
NiftyMidcap150,2022-07-21,8742.16
NiftyMidcap150,2022-07-22,8789.1
NiftyMidcap150,2022-07-25,8679.85
NiftyMidcap150,2022-07-26,8808.62
NiftyMidcap150,2022-07-27,8854.79
NiftyMidcap150,2022-07-28,8610.57
NiftyMidcap150,2022-07-29,8899.71
NiftyMidcap150,2022-08-01,9045.57
NiftyMidcap150,2022-08-02,8912.44
NiftyMidcap150,2022-08-03,8983.65
NiftyMidcap150,2022-08-04,8460.34
NiftyMidcap150,2022-08-05,8290.16
NiftyMidcap150,2022-08-08,8243.71
NiftyMidcap150,2022-08-09,8748.37
NiftyMidcap150,2022-08-10,8886.89
NiftyMidcap150,2022-08-11,8630.19
NiftyMidcap150,2022-08-12,8709.36
NiftyMidcap150,2022-08-15,9078.67
NiftyMidcap150,2022-08-16,8877.59
NiftyMidcap150,2022-08-17,8904.08
NiftyMidcap150,2022-08-18,8549.21
NiftyMidcap150,2022-08-19,8956.23
NiftyMidcap150,2022-08-22,8971.56
NiftyMidcap150,2022-08-23,9122.69
NiftyMidcap150,2022-08-24,9131.75
NiftyMidcap150,2022-08-25,9365.91
NiftyMidcap150,2022-08-26,9449.47
NiftyMidcap150,2022-08-29,9538.49
NiftyMidcap150,2022-08-30,9644.85
NiftyMidcap150,2022-08-31,9817.52
NiftyMidcap150,2022-09-01,9501.52
NiftyMidcap150,2022-09-02,9557.74
NiftyMidcap150,2022-09-05,9507.85
NiftyMidcap150,2022-09-06,9558.93
NiftyMidcap150,2022-09-07,9601.45
NiftyMidcap150,2022-09-08,9763.96
NiftyMidcap150,2022-09-09,9770.04
NiftyMidcap150,2022-09-12,9843.07
NiftyMidcap150,2022-09-13,9503.84
NiftyMidcap150,2022-09-14,9228.27
NiftyMidcap150,2022-09-15,9520.58
NiftyMidcap150,2022-09-16,9492.99
NiftyMidcap150,2022-09-19,9586.73
NiftyMidcap150,2022-09-20,9744.35
NiftyMidcap150,2022-09-21,9516.87
NiftyMidcap150,2022-09-22,9606.24
NiftyMidcap150,2022-09-23,9516.98
NiftyMidcap150,2022-09-26,9795.53
NiftyMidcap150,2022-09-27,9303.77
NiftyMidcap150,2022-09-28,9376.32
NiftyMidcap150,2022-09-29,9485.91
NiftyMidcap150,2022-09-30,9264.85
NiftyMidcap150,2022-10-03,9206.42
NiftyMidcap150,2022-10-04,8853.95
NiftyMidcap150,2022-10-05,8781.43
NiftyMidcap150,2022-10-06,9173.31
NiftyMidcap150,2022-10-07,9067.82
NiftyMidcap150,2022-10-10,9073.45
NiftyMidcap150,2022-10-11,8982.28
NiftyMidcap150,2022-10-12,9385.43
NiftyMidcap150,2022-10-13,9586.51
NiftyMidcap150,2022-10-14,9336.09
NiftyMidcap150,2022-10-17,9151.43
NiftyMidcap150,2022-10-18,9505.26
NiftyMidcap150,2022-10-19,9419.81
NiftyMidcap150,2022-10-20,9050.3
NiftyMidcap150,2022-10-21,8988.48
NiftyMidcap150,2022-10-24,9062.59
NiftyMidcap150,2022-10-25,8997.07
NiftyMidcap150,2022-10-26,9228.84
NiftyMidcap150,2022-10-27,9301.45
NiftyMidcap150,2022-10-28,9463.06
NiftyMidcap150,2022-10-31,9669.99
NiftyMidcap150,2022-11-01,9264.09
NiftyMidcap150,2022-11-02,9312.86
NiftyMidcap150,2022-11-03,9514.71
NiftyMidcap150,2022-11-04,9428.98
NiftyMidcap150,2022-11-07,9498.79
NiftyMidcap150,2022-11-08,9562.58
NiftyMidcap150,2022-11-09,9780.66
NiftyMidcap150,2022-11-10,9895.49
NiftyMidcap150,2022-11-11,9979.1
NiftyMidcap150,2022-11-14,10361.81
NiftyMidcap150,2022-11-15,10639.73
NiftyMidcap150,2022-11-16,10537.48
NiftyMidcap150,2022-11-17,10364.92
NiftyMidcap150,2022-11-18,10296.78
NiftyMidcap150,2022-11-21,10193.69
NiftyMidcap150,2022-11-22,10254.08
NiftyMidcap150,2022-11-23,9940.74
NiftyMidcap150,2022-11-24,9999.38
NiftyMidcap150,2022-11-25,10251.83
NiftyMidcap150,2022-11-28,10209.93
NiftyMidcap150,2022-11-29,10168.38
NiftyMidcap150,2022-11-30,10199.36
NiftyMidcap150,2022-12-01,10219.55
NiftyMidcap150,2022-12-02,10289.09
NiftyMidcap150,2022-12-05,10256.31
NiftyMidcap150,2022-12-06,10426.11
NiftyMidcap150,2022-12-07,10609.07
NiftyMidcap150,2022-12-08,10617.18
NiftyMidcap150,2022-12-09,10426.47
NiftyMidcap150,2022-12-12,10758.2
NiftyMidcap150,2022-12-13,10584.02
NiftyMidcap150,2022-12-14,10351.53
NiftyMidcap150,2022-12-15,10020.99
NiftyMidcap150,2022-12-16,9836.3
NiftyMidcap150,2022-12-19,9833.8
NiftyMidcap150,2022-12-20,9976.11
NiftyMidcap150,2022-12-21,9957.62
NiftyMidcap150,2022-12-22,10070.8
NiftyMidcap150,2022-12-23,9834.26
NiftyMidcap150,2022-12-26,9699.73
NiftyMidcap150,2022-12-27,9991.07
NiftyMidcap150,2022-12-28,10102.18
NiftyMidcap150,2022-12-29,10400.92
NiftyMidcap150,2022-12-30,10127.82
NiftyMidcap150,2023-01-02,9990.12
NiftyMidcap150,2023-01-03,10108.52
NiftyMidcap150,2023-01-04,10332.1
NiftyMidcap150,2023-01-05,10332.47
NiftyMidcap150,2023-01-06,10396.92
NiftyMidcap150,2023-01-09,10165.67
NiftyMidcap150,2023-01-10,10320.17
NiftyMidcap150,2023-01-11,10232.27
NiftyMidcap150,2023-01-12,10030.79
NiftyMidcap150,2023-01-13,10135.56
NiftyMidcap150,2023-01-16,10264.9
NiftyMidcap150,2023-01-17,10312.36
NiftyMidcap150,2023-01-18,10359.03
NiftyMidcap150,2023-01-19,10389.35
NiftyMidcap150,2023-01-20,10110.33
NiftyMidcap150,2023-01-23,10371.21
NiftyMidcap150,2023-01-24,10503.3
NiftyMidcap150,2023-01-25,10795.78
NiftyMidcap150,2023-01-26,10395.47
NiftyMidcap150,2023-01-27,10721.01
NiftyMidcap150,2023-01-30,10848.64
NiftyMidcap150,2023-01-31,11106.27
NiftyMidcap150,2023-02-01,10965.92
NiftyMidcap150,2023-02-02,10959.04
NiftyMidcap150,2023-02-03,10794.0
NiftyMidcap150,2023-02-06,10928.16
NiftyMidcap150,2023-02-07,11494.66
NiftyMidcap150,2023-02-08,11327.37
NiftyMidcap150,2023-02-09,11348.56
NiftyMidcap150,2023-02-10,11119.95
NiftyMidcap150,2023-02-13,11206.99
NiftyMidcap150,2023-02-14,10876.51
NiftyMidcap150,2023-02-15,10956.3
NiftyMidcap150,2023-02-16,11296.21
NiftyMidcap150,2023-02-17,11407.74
NiftyMidcap150,2023-02-20,11314.97
NiftyMidcap150,2023-02-21,11704.61
NiftyMidcap150,2023-02-22,11889.62
NiftyMidcap150,2023-02-23,12034.11
NiftyMidcap150,2023-02-24,11667.53
NiftyMidcap150,2023-02-27,12134.36
NiftyMidcap150,2023-02-28,12418.09
NiftyMidcap150,2023-03-01,13220.35
NiftyMidcap150,2023-03-02,13523.55
NiftyMidcap150,2023-03-03,13339.13
NiftyMidcap150,2023-03-06,13142.25
NiftyMidcap150,2023-03-07,12885.45
NiftyMidcap150,2023-03-08,12884.41
NiftyMidcap150,2023-03-09,12679.88
NiftyMidcap150,2023-03-10,12280.55
NiftyMidcap150,2023-03-13,12260.28
NiftyMidcap150,2023-03-14,11991.56
NiftyMidcap150,2023-03-15,11921.44
NiftyMidcap150,2023-03-16,12042.51
NiftyMidcap150,2023-03-17,11673.1
NiftyMidcap150,2023-03-20,11327.19
NiftyMidcap150,2023-03-21,11506.05
NiftyMidcap150,2023-03-22,11525.3
NiftyMidcap150,2023-03-23,11263.83
NiftyMidcap150,2023-03-24,10993.54
NiftyMidcap150,2023-03-27,11167.93
NiftyMidcap150,2023-03-28,11071.12
NiftyMidcap150,2023-03-29,11542.61
NiftyMidcap150,2023-03-30,11466.54
NiftyMidcap150,2023-03-31,11539.76
NiftyMidcap150,2023-04-03,11302.9
NiftyMidcap150,2023-04-04,11263.22
NiftyMidcap150,2023-04-05,11361.22
NiftyMidcap150,2023-04-06,11059.17
NiftyMidcap150,2023-04-07,10973.84
NiftyMidcap150,2023-04-10,10907.74
NiftyMidcap150,2023-04-11,11041.12
NiftyMidcap150,2023-04-12,11021.08
NiftyMidcap150,2023-04-13,11026.38
NiftyMidcap150,2023-04-14,11063.34
NiftyMidcap150,2023-04-17,11206.55
NiftyMidcap150,2023-04-18,10508.17
NiftyMidcap150,2023-04-19,10087.21
NiftyMidcap150,2023-04-20,9667.25
NiftyMidcap150,2023-04-21,9785.49
NiftyMidcap150,2023-04-24,9697.69
NiftyMidcap150,2023-04-25,9629.34
NiftyMidcap150,2023-04-26,9707.67
NiftyMidcap150,2023-04-27,10036.97
NiftyMidcap150,2023-04-28,10113.96
NiftyMidcap150,2023-05-01,10334.69
NiftyMidcap150,2023-05-02,10009.45
NiftyMidcap150,2023-05-03,10291.41
NiftyMidcap150,2023-05-04,10447.22
NiftyMidcap150,2023-05-05,10533.38
NiftyMidcap150,2023-05-08,10727.99
NiftyMidcap150,2023-05-09,10545.0
NiftyMidcap150,2023-05-10,10609.5
NiftyMidcap150,2023-05-11,10618.98
NiftyMidcap150,2023-05-12,10746.72
NiftyMidcap150,2023-05-15,10951.17
NiftyMidcap150,2023-05-16,10795.23
NiftyMidcap150,2023-05-17,10934.14
NiftyMidcap150,2023-05-18,11295.37
NiftyMidcap150,2023-05-19,10884.03
NiftyMidcap150,2023-05-22,10645.08
NiftyMidcap150,2023-05-23,10649.93
NiftyMidcap150,2023-05-24,10579.33
NiftyMidcap150,2023-05-25,10807.46
NiftyMidcap150,2023-05-26,11169.11
NiftyMidcap150,2023-05-29,11225.84
NiftyMidcap150,2023-05-30,11622.26
NiftyMidcap150,2023-05-31,11888.06
NiftyMidcap150,2023-06-01,11220.71
NiftyMidcap150,2023-06-02,10883.99
NiftyMidcap150,2023-06-05,10504.49
NiftyMidcap150,2023-06-06,10640.1
NiftyMidcap150,2023-06-07,10618.7
NiftyMidcap150,2023-06-08,10539.87
NiftyMidcap150,2023-06-09,10586.43
NiftyMidcap150,2023-06-12,10623.18
NiftyMidcap150,2023-06-13,10978.44
NiftyMidcap150,2023-06-14,11113.35
NiftyMidcap150,2023-06-15,11093.38
NiftyMidcap150,2023-06-16,10736.0
NiftyMidcap150,2023-06-19,10603.78
NiftyMidcap150,2023-06-20,10300.17
NiftyMidcap150,2023-06-21,10274.95
NiftyMidcap150,2023-06-22,10356.44
NiftyMidcap150,2023-06-23,10326.59
NiftyMidcap150,2023-06-26,10355.63
NiftyMidcap150,2023-06-27,9965.48
NiftyMidcap150,2023-06-28,9644.5
NiftyMidcap150,2023-06-29,9729.66
NiftyMidcap150,2023-06-30,9743.6
NiftyMidcap150,2023-07-03,9375.15
NiftyMidcap150,2023-07-04,9069.97
NiftyMidcap150,2023-07-05,9070.26
NiftyMidcap150,2023-07-06,8958.2
NiftyMidcap150,2023-07-07,9037.89
NiftyMidcap150,2023-07-10,8841.03
NiftyMidcap150,2023-07-11,8671.17
NiftyMidcap150,2023-07-12,8730.07
NiftyMidcap150,2023-07-13,8966.9
NiftyMidcap150,2023-07-14,9146.79
NiftyMidcap150,2023-07-17,9267.01
NiftyMidcap150,2023-07-18,9266.6
NiftyMidcap150,2023-07-19,8958.96
NiftyMidcap150,2023-07-20,9173.64
NiftyMidcap150,2023-07-21,9287.21
NiftyMidcap150,2023-07-24,9494.37
NiftyMidcap150,2023-07-25,9424.16
NiftyMidcap150,2023-07-26,9334.44
NiftyMidcap150,2023-07-27,9354.76
NiftyMidcap150,2023-07-28,9518.65
NiftyMidcap150,2023-07-31,9495.48
NiftyMidcap150,2023-08-01,9549.17
NiftyMidcap150,2023-08-02,9675.83
NiftyMidcap150,2023-08-03,9989.58
NiftyMidcap150,2023-08-04,10144.19
NiftyMidcap150,2023-08-07,9965.64
NiftyMidcap150,2023-08-08,9877.84
NiftyMidcap150,2023-08-09,10098.07
NiftyMidcap150,2023-08-10,9903.29
NiftyMidcap150,2023-08-11,10188.35
NiftyMidcap150,2023-08-14,10163.56
NiftyMidcap150,2023-08-15,10352.95
NiftyMidcap150,2023-08-16,10393.74
NiftyMidcap150,2023-08-17,10325.8
NiftyMidcap150,2023-08-18,10255.96
NiftyMidcap150,2023-08-21,10541.22
NiftyMidcap150,2023-08-22,10337.19
NiftyMidcap150,2023-08-23,10646.53
NiftyMidcap150,2023-08-24,10883.89
NiftyMidcap150,2023-08-25,11247.35
NiftyMidcap150,2023-08-28,11248.48
NiftyMidcap150,2023-08-29,11384.98
NiftyMidcap150,2023-08-30,11248.12
NiftyMidcap150,2023-08-31,11651.35
NiftyMidcap150,2023-09-01,11637.56
NiftyMidcap150,2023-09-04,11853.91
NiftyMidcap150,2023-09-05,11946.37
NiftyMidcap150,2023-09-06,12422.54
NiftyMidcap150,2023-09-07,12336.4
NiftyMidcap150,2023-09-08,12796.3
NiftyMidcap150,2023-09-11,12781.27
NiftyMidcap150,2023-09-12,12931.72
NiftyMidcap150,2023-09-13,12279.13
NiftyMidcap150,2023-09-14,12284.37
NiftyMidcap150,2023-09-15,12293.84
NiftyMidcap150,2023-09-18,12599.92
NiftyMidcap150,2023-09-19,12406.55
NiftyMidcap150,2023-09-20,11902.07
NiftyMidcap150,2023-09-21,11649.31
NiftyMidcap150,2023-09-22,11394.77
NiftyMidcap150,2023-09-25,11709.99
NiftyMidcap150,2023-09-26,12046.78
NiftyMidcap150,2023-09-27,12674.89
NiftyMidcap150,2023-09-28,12595.93
NiftyMidcap150,2023-09-29,12780.3
NiftyMidcap150,2023-10-02,12471.26
NiftyMidcap150,2023-10-03,12183.65
NiftyMidcap150,2023-10-04,12205.89
NiftyMidcap150,2023-10-05,11806.66
NiftyMidcap150,2023-10-06,11746.15
NiftyMidcap150,2023-10-09,11567.4
NiftyMidcap150,2023-10-10,11596.88
NiftyMidcap150,2023-10-11,11486.63
NiftyMidcap150,2023-10-12,11030.34
NiftyMidcap150,2023-10-13,10805.39
NiftyMidcap150,2023-10-16,10234.61
NiftyMidcap150,2023-10-17,10065.33
NiftyMidcap150,2023-10-18,9931.33
NiftyMidcap150,2023-10-19,10013.42
NiftyMidcap150,2023-10-20,10012.01
NiftyMidcap150,2023-10-23,10034.85
NiftyMidcap150,2023-10-24,9695.84
NiftyMidcap150,2023-10-25,10075.91
NiftyMidcap150,2023-10-26,10101.61
NiftyMidcap150,2023-10-27,9964.99
NiftyMidcap150,2023-10-30,9774.1
NiftyMidcap150,2023-10-31,10110.55
NiftyMidcap150,2023-11-01,9724.5
NiftyMidcap150,2023-11-02,9903.03
NiftyMidcap150,2023-11-03,9969.46
NiftyMidcap150,2023-11-06,10249.15
NiftyMidcap150,2023-11-07,10701.84
NiftyMidcap150,2023-11-08,10791.2
NiftyMidcap150,2023-11-09,10672.68
NiftyMidcap150,2023-11-10,10576.63
NiftyMidcap150,2023-11-13,10739.0
NiftyMidcap150,2023-11-14,10763.11
NiftyMidcap150,2023-11-15,10952.17
NiftyMidcap150,2023-11-16,11051.53
NiftyMidcap150,2023-11-17,11243.04
NiftyMidcap150,2023-11-20,10734.34
NiftyMidcap150,2023-11-21,10610.05
NiftyMidcap150,2023-11-22,10832.05
NiftyMidcap150,2023-11-23,10990.67
NiftyMidcap150,2023-11-24,11015.69
NiftyMidcap150,2023-11-27,11124.51
NiftyMidcap150,2023-11-28,11122.91
NiftyMidcap150,2023-11-29,11153.49
NiftyMidcap150,2023-11-30,11453.32
NiftyMidcap150,2023-12-01,11464.77
NiftyMidcap150,2023-12-04,11864.08
NiftyMidcap150,2023-12-05,11414.28
NiftyMidcap150,2023-12-06,11516.66
NiftyMidcap150,2023-12-07,11529.64
NiftyMidcap150,2023-12-08,11533.62
NiftyMidcap150,2023-12-11,11384.16
NiftyMidcap150,2023-12-12,11588.97
NiftyMidcap150,2023-12-13,11571.04
NiftyMidcap150,2023-12-14,11746.91
NiftyMidcap150,2023-12-15,11761.47
NiftyMidcap150,2023-12-18,11876.68
NiftyMidcap150,2023-12-19,11970.99
NiftyMidcap150,2023-12-20,12126.39
NiftyMidcap150,2023-12-21,12287.78
NiftyMidcap150,2023-12-22,12340.27
NiftyMidcap150,2023-12-25,12080.4
NiftyMidcap150,2023-12-26,12435.22
NiftyMidcap150,2023-12-27,12123.28
NiftyMidcap150,2023-12-28,12263.23
NiftyMidcap150,2023-12-29,12561.49
NiftyMidcap150,2024-01-01,12739.96
NiftyMidcap150,2024-01-02,12798.56
NiftyMidcap150,2024-01-03,12225.56
NiftyMidcap150,2024-01-04,12330.9
NiftyMidcap150,2024-01-05,12342.76
NiftyMidcap150,2024-01-08,12071.94
NiftyMidcap150,2024-01-09,12226.69
NiftyMidcap150,2024-01-10,12194.01
NiftyMidcap150,2024-01-11,12485.14
NiftyMidcap150,2024-01-12,12694.98
NiftyMidcap150,2024-01-15,12446.85
NiftyMidcap150,2024-01-16,12600.99
NiftyMidcap150,2024-01-17,12627.48
NiftyMidcap150,2024-01-18,12924.04
NiftyMidcap150,2024-01-19,12772.5
NiftyMidcap150,2024-01-22,13119.43
NiftyMidcap150,2024-01-23,12995.19
NiftyMidcap150,2024-01-24,13204.95
NiftyMidcap150,2024-01-25,13234.87
NiftyMidcap150,2024-01-26,13555.71
NiftyMidcap150,2024-01-29,13686.48
NiftyMidcap150,2024-01-30,13537.42
NiftyMidcap150,2024-01-31,13662.68
NiftyMidcap150,2024-02-01,13093.14
NiftyMidcap150,2024-02-02,13131.76
NiftyMidcap150,2024-02-05,13213.66
NiftyMidcap150,2024-02-06,13340.42
NiftyMidcap150,2024-02-07,13128.99
NiftyMidcap150,2024-02-08,13243.99
NiftyMidcap150,2024-02-09,12876.4
NiftyMidcap150,2024-02-12,13302.21
NiftyMidcap150,2024-02-13,13171.76
NiftyMidcap150,2024-02-14,13233.33
NiftyMidcap150,2024-02-15,13001.75
NiftyMidcap150,2024-02-16,12525.63
NiftyMidcap150,2024-02-19,12876.95
NiftyMidcap150,2024-02-20,13242.05
NiftyMidcap150,2024-02-21,13505.88
NiftyMidcap150,2024-02-22,13332.34
NiftyMidcap150,2024-02-23,13702.34
NiftyMidcap150,2024-02-26,13720.72
NiftyMidcap150,2024-02-27,13398.28
NiftyMidcap150,2024-02-28,13061.15
NiftyMidcap150,2024-02-29,12628.18
NiftyMidcap150,2024-03-01,12205.22
NiftyMidcap150,2024-03-04,11864.74
NiftyMidcap150,2024-03-05,11989.01
NiftyMidcap150,2024-03-06,11787.22
NiftyMidcap150,2024-03-07,11460.36
NiftyMidcap150,2024-03-08,11266.34
NiftyMidcap150,2024-03-11,11448.52
NiftyMidcap150,2024-03-12,11188.64
NiftyMidcap150,2024-03-13,11225.47
NiftyMidcap150,2024-03-14,11484.28
NiftyMidcap150,2024-03-15,11327.18
NiftyMidcap150,2024-03-18,11819.09
NiftyMidcap150,2024-03-19,11542.54
NiftyMidcap150,2024-03-20,11312.93
NiftyMidcap150,2024-03-21,11503.84
NiftyMidcap150,2024-03-22,11923.38
NiftyMidcap150,2024-03-25,11854.44
NiftyMidcap150,2024-03-26,11997.39
NiftyMidcap150,2024-03-27,12495.27
NiftyMidcap150,2024-03-28,12326.22
NiftyMidcap150,2024-03-29,12058.1
NiftyMidcap150,2024-04-01,12330.58
NiftyMidcap150,2024-04-02,12409.07
NiftyMidcap150,2024-04-03,12765.23
NiftyMidcap150,2024-04-04,12884.69
NiftyMidcap150,2024-04-05,13002.97
NiftyMidcap150,2024-04-08,12788.73
NiftyMidcap150,2024-04-09,12688.3
NiftyMidcap150,2024-04-10,12546.61
NiftyMidcap150,2024-04-11,12379.7
NiftyMidcap150,2024-04-12,12236.31
NiftyMidcap150,2024-04-15,12447.62
NiftyMidcap150,2024-04-16,12693.39
NiftyMidcap150,2024-04-17,12608.17
NiftyMidcap150,2024-04-18,12564.34
NiftyMidcap150,2024-04-19,12900.27
NiftyMidcap150,2024-04-22,13364.09
NiftyMidcap150,2024-04-23,13615.81
NiftyMidcap150,2024-04-24,13513.74
NiftyMidcap150,2024-04-25,13502.68
NiftyMidcap150,2024-04-26,12786.92
NiftyMidcap150,2024-04-29,12618.76
NiftyMidcap150,2024-04-30,13198.38
NiftyMidcap150,2024-05-01,13173.36
NiftyMidcap150,2024-05-02,13811.14
NiftyMidcap150,2024-05-03,13290.01
NiftyMidcap150,2024-05-06,13177.73
NiftyMidcap150,2024-05-07,12816.58
NiftyMidcap150,2024-05-08,12421.14
NiftyMidcap150,2024-05-09,12448.78
NiftyMidcap150,2024-05-10,12294.45
NiftyMidcap150,2024-05-13,12183.95
NiftyMidcap150,2024-05-14,12503.69
NiftyMidcap150,2024-05-15,12592.1
NiftyMidcap150,2024-05-16,12556.57
NiftyMidcap150,2024-05-17,12886.26
NiftyMidcap150,2024-05-20,12567.8
NiftyMidcap150,2024-05-21,12104.94
NiftyMidcap150,2024-05-22,12512.38
NiftyMidcap150,2024-05-23,12701.98
NiftyMidcap150,2024-05-24,12813.56
NiftyMidcap150,2024-05-27,12862.83
NiftyMidcap150,2024-05-28,12968.05
NiftyMidcap150,2024-05-29,12847.63
NiftyMidcap150,2024-05-30,12489.06
NiftyMidcap150,2024-05-31,12463.97
NiftyMidcap150,2024-06-03,12511.18
NiftyMidcap150,2024-06-04,12411.71
NiftyMidcap150,2024-06-05,12524.81
NiftyMidcap150,2024-06-06,12394.23
NiftyMidcap150,2024-06-07,12498.67
NiftyMidcap150,2024-06-10,12267.13
NiftyMidcap150,2024-06-11,12585.78
NiftyMidcap150,2024-06-12,12240.93
NiftyMidcap150,2024-06-13,12687.41
NiftyMidcap150,2024-06-14,12391.98
NiftyMidcap150,2024-06-17,12222.29
NiftyMidcap150,2024-06-18,12374.88
NiftyMidcap150,2024-06-19,12408.15
NiftyMidcap150,2024-06-20,12566.36
NiftyMidcap150,2024-06-21,12608.89
NiftyMidcap150,2024-06-24,12352.49
NiftyMidcap150,2024-06-25,12287.72
NiftyMidcap150,2024-06-26,12645.07
NiftyMidcap150,2024-06-27,12459.82
NiftyMidcap150,2024-06-28,12218.11
NiftyMidcap150,2024-07-01,11852.01
NiftyMidcap150,2024-07-02,11743.84
NiftyMidcap150,2024-07-03,11604.81
NiftyMidcap150,2024-07-04,11932.49
NiftyMidcap150,2024-07-05,12209.22
NiftyMidcap150,2024-07-08,11967.04
NiftyMidcap150,2024-07-09,11933.39
NiftyMidcap150,2024-07-10,11951.25
NiftyMidcap150,2024-07-11,12065.67
NiftyMidcap150,2024-07-12,11978.08
NiftyMidcap150,2024-07-15,12177.48
NiftyMidcap150,2024-07-16,11793.59
NiftyMidcap150,2024-07-17,11508.05
NiftyMidcap150,2024-07-18,12009.49
NiftyMidcap150,2024-07-19,12287.14
NiftyMidcap150,2024-07-22,12647.63
NiftyMidcap150,2024-07-23,12593.46
NiftyMidcap150,2024-07-24,12510.74
NiftyMidcap150,2024-07-25,12649.64
NiftyMidcap150,2024-07-26,12353.01
NiftyMidcap150,2024-07-29,12242.04
NiftyMidcap150,2024-07-30,12488.54
NiftyMidcap150,2024-07-31,12092.44
NiftyMidcap150,2024-08-01,12104.27
NiftyMidcap150,2024-08-02,11985.72
NiftyMidcap150,2024-08-05,12085.28
NiftyMidcap150,2024-08-06,12098.88
NiftyMidcap150,2024-08-07,12298.25
NiftyMidcap150,2024-08-08,12039.67
NiftyMidcap150,2024-08-09,11774.79
NiftyMidcap150,2024-08-12,11623.13
NiftyMidcap150,2024-08-13,11725.26
NiftyMidcap150,2024-08-14,11722.93
NiftyMidcap150,2024-08-15,11579.96
NiftyMidcap150,2024-08-16,11849.98
NiftyMidcap150,2024-08-19,11658.13
NiftyMidcap150,2024-08-20,11893.19
NiftyMidcap150,2024-08-21,11822.87
NiftyMidcap150,2024-08-22,11542.0
NiftyMidcap150,2024-08-23,11510.07
NiftyMidcap150,2024-08-26,11525.02
NiftyMidcap150,2024-08-27,11761.48
NiftyMidcap150,2024-08-28,11435.61
NiftyMidcap150,2024-08-29,11503.59
NiftyMidcap150,2024-08-30,11656.29
NiftyMidcap150,2024-09-02,11906.09
NiftyMidcap150,2024-09-03,11974.29
NiftyMidcap150,2024-09-04,11553.68
NiftyMidcap150,2024-09-05,11667.12
NiftyMidcap150,2024-09-06,12199.86
NiftyMidcap150,2024-09-09,12431.07
NiftyMidcap150,2024-09-10,12237.21
NiftyMidcap150,2024-09-11,12422.33
NiftyMidcap150,2024-09-12,12487.05
NiftyMidcap150,2024-09-13,12234.48
NiftyMidcap150,2024-09-16,12316.82
NiftyMidcap150,2024-09-17,12132.27
NiftyMidcap150,2024-09-18,12194.56
NiftyMidcap150,2024-09-19,12387.61
NiftyMidcap150,2024-09-20,12678.0
NiftyMidcap150,2024-09-23,12326.57
NiftyMidcap150,2024-09-24,12342.21
NiftyMidcap150,2024-09-25,12586.25
NiftyMidcap150,2024-09-26,12684.01
NiftyMidcap150,2024-09-27,12463.01
NiftyMidcap150,2024-09-30,12385.62
NiftyMidcap150,2024-10-01,12201.67
NiftyMidcap150,2024-10-02,11946.16
NiftyMidcap150,2024-10-03,11660.14
NiftyMidcap150,2024-10-04,11706.67
NiftyMidcap150,2024-10-07,11807.28
NiftyMidcap150,2024-10-08,11906.06
NiftyMidcap150,2024-10-09,11813.21
NiftyMidcap150,2024-10-10,11633.09
NiftyMidcap150,2024-10-11,11852.03
NiftyMidcap150,2024-10-14,11540.8
NiftyMidcap150,2024-10-15,11234.36
NiftyMidcap150,2024-10-16,11216.6
NiftyMidcap150,2024-10-17,10993.42
NiftyMidcap150,2024-10-18,10988.02
NiftyMidcap150,2024-10-21,10981.89
NiftyMidcap150,2024-10-22,11197.39
NiftyMidcap150,2024-10-23,11171.66
NiftyMidcap150,2024-10-24,11035.94
NiftyMidcap150,2024-10-25,11002.9
NiftyMidcap150,2024-10-28,11113.58
NiftyMidcap150,2024-10-29,11341.44
NiftyMidcap150,2024-10-30,11587.81
NiftyMidcap150,2024-10-31,11605.12
NiftyMidcap150,2024-11-01,11403.39
NiftyMidcap150,2024-11-04,11398.4
NiftyMidcap150,2024-11-05,11216.53
NiftyMidcap150,2024-11-06,11182.8
NiftyMidcap150,2024-11-07,11337.51
NiftyMidcap150,2024-11-08,11320.12
NiftyMidcap150,2024-11-11,11512.11
NiftyMidcap150,2024-11-12,11722.95
NiftyMidcap150,2024-11-13,11659.49
NiftyMidcap150,2024-11-14,11178.06
NiftyMidcap150,2024-11-15,11010.53
NiftyMidcap150,2024-11-18,11148.76
NiftyMidcap150,2024-11-19,11097.76
NiftyMidcap150,2024-11-20,11471.81
NiftyMidcap150,2024-11-21,11465.21
NiftyMidcap150,2024-11-22,11734.99
NiftyMidcap150,2024-11-25,11229.9
NiftyMidcap150,2024-11-26,10977.94
NiftyMidcap150,2024-11-27,10653.19
NiftyMidcap150,2024-11-28,10823.62
NiftyMidcap150,2024-11-29,10985.14
NiftyMidcap150,2024-12-02,10726.99
NiftyMidcap150,2024-12-03,10778.57
NiftyMidcap150,2024-12-04,10668.62
NiftyMidcap150,2024-12-05,10818.61
NiftyMidcap150,2024-12-06,10954.42
NiftyMidcap150,2024-12-09,10626.61
NiftyMidcap150,2024-12-10,10395.48
NiftyMidcap150,2024-12-11,10342.77
NiftyMidcap150,2024-12-12,10022.49
NiftyMidcap150,2024-12-13,10068.95
NiftyMidcap150,2024-12-16,10161.23
NiftyMidcap150,2024-12-17,10368.0
NiftyMidcap150,2024-12-18,10776.28
NiftyMidcap150,2024-12-19,10774.62
NiftyMidcap150,2024-12-20,10705.75
NiftyMidcap150,2024-12-23,10628.34
NiftyMidcap150,2024-12-24,10414.29
NiftyMidcap150,2024-12-25,10103.63
NiftyMidcap150,2024-12-26,10273.62
NiftyMidcap150,2024-12-27,10101.59
NiftyMidcap150,2024-12-30,10111.74
NiftyMidcap150,2024-12-31,10011.07
NiftyMidcap150,2025-01-01,10482.14
NiftyMidcap150,2025-01-02,10538.63
NiftyMidcap150,2025-01-03,11079.18
NiftyMidcap150,2025-01-06,10638.45
NiftyMidcap150,2025-01-07,10683.19
NiftyMidcap150,2025-01-08,10830.45
NiftyMidcap150,2025-01-09,10895.2
NiftyMidcap150,2025-01-10,10645.37
NiftyMidcap150,2025-01-13,10138.98
NiftyMidcap150,2025-01-14,10175.9
NiftyMidcap150,2025-01-15,10501.56
NiftyMidcap150,2025-01-16,10653.31
NiftyMidcap150,2025-01-17,10207.75
NiftyMidcap150,2025-01-20,10354.37
NiftyMidcap150,2025-01-21,10346.16
NiftyMidcap150,2025-01-22,10451.87
NiftyMidcap150,2025-01-23,10392.32
NiftyMidcap150,2025-01-24,9949.29
NiftyMidcap150,2025-01-27,9956.66
NiftyMidcap150,2025-01-28,10163.83
NiftyMidcap150,2025-01-29,10109.28
NiftyMidcap150,2025-01-30,10204.49
NiftyMidcap150,2025-01-31,10253.39
NiftyMidcap150,2025-02-03,10538.97
NiftyMidcap150,2025-02-04,10485.79
NiftyMidcap150,2025-02-05,10789.93
NiftyMidcap150,2025-02-06,10722.72
NiftyMidcap150,2025-02-07,11045.84
NiftyMidcap150,2025-02-10,11045.74
NiftyMidcap150,2025-02-11,11279.87
NiftyMidcap150,2025-02-12,11356.1
NiftyMidcap150,2025-02-13,11356.66
NiftyMidcap150,2025-02-14,11252.9
NiftyMidcap150,2025-02-17,11247.9
NiftyMidcap150,2025-02-18,11199.48
NiftyMidcap150,2025-02-19,11073.98
NiftyMidcap150,2025-02-20,11127.04
NiftyMidcap150,2025-02-21,11491.04
NiftyMidcap150,2025-02-24,11901.34
NiftyMidcap150,2025-02-25,11907.15
NiftyMidcap150,2025-02-26,12104.21
NiftyMidcap150,2025-02-27,12183.71
NiftyMidcap150,2025-02-28,12223.11
NiftyMidcap150,2025-03-03,12119.03
NiftyMidcap150,2025-03-04,12428.19
NiftyMidcap150,2025-03-05,12234.4
NiftyMidcap150,2025-03-06,12516.96
NiftyMidcap150,2025-03-07,12515.13
NiftyMidcap150,2025-03-10,12209.47
NiftyMidcap150,2025-03-11,12170.05
NiftyMidcap150,2025-03-12,12191.06
NiftyMidcap150,2025-03-13,12312.63
NiftyMidcap150,2025-03-14,12022.79
NiftyMidcap150,2025-03-17,11848.82
NiftyMidcap150,2025-03-18,12127.28
NiftyMidcap150,2025-03-19,12241.25
NiftyMidcap150,2025-03-20,12170.7
NiftyMidcap150,2025-03-21,12435.98
NiftyMidcap150,2025-03-24,12180.39
NiftyMidcap150,2025-03-25,11900.18
NiftyMidcap150,2025-03-26,11802.04
NiftyMidcap150,2025-03-27,11960.48
NiftyMidcap150,2025-03-28,11505.07
NiftyMidcap150,2025-03-31,11393.63
NiftyMidcap150,2025-04-01,11385.83
NiftyMidcap150,2025-04-02,11448.24
NiftyMidcap150,2025-04-03,11573.98
NiftyMidcap150,2025-04-04,11772.27
NiftyMidcap150,2025-04-07,12285.75
NiftyMidcap150,2025-04-08,12079.33
NiftyMidcap150,2025-04-09,12181.7
NiftyMidcap150,2025-04-10,12379.59
NiftyMidcap150,2025-04-11,12000.41
NiftyMidcap150,2025-04-14,11982.79
NiftyMidcap150,2025-04-15,12120.6
NiftyMidcap150,2025-04-16,12085.02
NiftyMidcap150,2025-04-17,11906.56
NiftyMidcap150,2025-04-18,11806.52
NiftyMidcap150,2025-04-21,11985.18
NiftyMidcap150,2025-04-22,11745.66
NiftyMidcap150,2025-04-23,11809.32
NiftyMidcap150,2025-04-24,11801.2
NiftyMidcap150,2025-04-25,11567.27
NiftyMidcap150,2025-04-28,11053.84
NiftyMidcap150,2025-04-29,11330.9
NiftyMidcap150,2025-04-30,11243.35
NiftyMidcap150,2025-05-01,11622.38
NiftyMidcap150,2025-05-02,11815.36
NiftyMidcap150,2025-05-05,11209.98
NiftyMidcap150,2025-05-06,11156.13
NiftyMidcap150,2025-05-07,11325.99
NiftyMidcap150,2025-05-08,11176.11
NiftyMidcap150,2025-05-09,11080.21
NiftyMidcap150,2025-05-12,10716.76
NiftyMidcap150,2025-05-13,10765.68
NiftyMidcap150,2025-05-14,10811.82
NiftyMidcap150,2025-05-15,11066.19
NiftyMidcap150,2025-05-16,10959.1
NiftyMidcap150,2025-05-19,10565.36
NiftyMidcap150,2025-05-20,10514.97
NiftyMidcap150,2025-05-21,10246.59
NiftyMidcap150,2025-05-22,10160.59
NiftyMidcap150,2025-05-23,10474.16
NiftyMidcap150,2025-05-26,10122.4
NiftyMidcap150,2025-05-27,9602.92
NiftyMidcap150,2025-05-28,9471.61
NiftyMidcap150,2025-05-29,9360.44
NiftyMidcap150,2025-05-30,9369.94
NiftyMidcap150,2025-06-02,9040.68
NiftyMidcap150,2025-06-03,8820.16
NiftyMidcap150,2025-06-04,8764.34
NiftyMidcap150,2025-06-05,8670.81
NiftyMidcap150,2025-06-06,8777.38
NiftyMidcap150,2025-06-09,8825.65
NiftyMidcap150,2025-06-10,8723.28
NiftyMidcap150,2025-06-11,8801.23
NiftyMidcap150,2025-06-12,8531.07
NiftyMidcap150,2025-06-13,8908.65
NiftyMidcap150,2025-06-16,8812.18
NiftyMidcap150,2025-06-17,8850.38
NiftyMidcap150,2025-06-18,8757.52
NiftyMidcap150,2025-06-19,8729.05
NiftyMidcap150,2025-06-20,8446.85
NiftyMidcap150,2025-06-23,8572.13
NiftyMidcap150,2025-06-24,8423.31
NiftyMidcap150,2025-06-25,8550.53
NiftyMidcap150,2025-06-26,8419.23
NiftyMidcap150,2025-06-27,8579.11
NiftyMidcap150,2025-06-30,8481.76
NiftyMidcap150,2025-07-01,8560.61
NiftyMidcap150,2025-07-02,8644.69
NiftyMidcap150,2025-07-03,8619.27
NiftyMidcap150,2025-07-04,8775.48
NiftyMidcap150,2025-07-07,8340.1
NiftyMidcap150,2025-07-08,8438.6
NiftyMidcap150,2025-07-09,8540.19
NiftyMidcap150,2025-07-10,8640.93
NiftyMidcap150,2025-07-11,8495.34
NiftyMidcap150,2025-07-14,8461.54
NiftyMidcap150,2025-07-15,8128.87
NiftyMidcap150,2025-07-16,8135.52
NiftyMidcap150,2025-07-17,8159.05
NiftyMidcap150,2025-07-18,8195.23
NiftyMidcap150,2025-07-21,8427.62
NiftyMidcap150,2025-07-22,8196.2
NiftyMidcap150,2025-07-23,8189.43
NiftyMidcap150,2025-07-24,8405.43
NiftyMidcap150,2025-07-25,8436.04
NiftyMidcap150,2025-07-28,8103.28
NiftyMidcap150,2025-07-29,8044.09
NiftyMidcap150,2025-07-30,7916.45
NiftyMidcap150,2025-07-31,7966.75
NiftyMidcap150,2025-08-01,8038.43
NiftyMidcap150,2025-08-04,7666.99
NiftyMidcap150,2025-08-05,7551.44
NiftyMidcap150,2025-08-06,7568.25
NiftyMidcap150,2025-08-07,7238.2
NiftyMidcap150,2025-08-08,7146.86
NiftyMidcap150,2025-08-11,7010.15
NiftyMidcap150,2025-08-12,7077.38
NiftyMidcap150,2025-08-13,7069.0
NiftyMidcap150,2025-08-14,7044.32
NiftyMidcap150,2025-08-15,6990.64
NiftyMidcap150,2025-08-18,6835.32
NiftyMidcap150,2025-08-19,6837.85
NiftyMidcap150,2025-08-20,6694.55
NiftyMidcap150,2025-08-21,6620.51
NiftyMidcap150,2025-08-22,6620.34
NiftyMidcap150,2025-08-25,6345.82
NiftyMidcap150,2025-08-26,6164.29
NiftyMidcap150,2025-08-27,6480.9
NiftyMidcap150,2025-08-28,6499.06
NiftyMidcap150,2025-08-29,6478.7
NiftyMidcap150,2025-09-01,6402.73
NiftyMidcap150,2025-09-02,6223.73
NiftyMidcap150,2025-09-03,6421.57
NiftyMidcap150,2025-09-04,6506.74
NiftyMidcap150,2025-09-05,6489.28
NiftyMidcap150,2025-09-08,6280.12
NiftyMidcap150,2025-09-09,6543.39
NiftyMidcap150,2025-09-10,6297.86
NiftyMidcap150,2025-09-11,6427.77
NiftyMidcap150,2025-09-12,6097.44
NiftyMidcap150,2025-09-15,6144.29
NiftyMidcap150,2025-09-16,5944.76
NiftyMidcap150,2025-09-17,6108.69
NiftyMidcap150,2025-09-18,6086.07
NiftyMidcap150,2025-09-19,6110.74
NiftyMidcap150,2025-09-22,6170.57
NiftyMidcap150,2025-09-23,6077.43
NiftyMidcap150,2025-09-24,5982.29
NiftyMidcap150,2025-09-25,6024.5
NiftyMidcap150,2025-09-26,6152.99
NiftyMidcap150,2025-09-29,6061.16
NiftyMidcap150,2025-09-30,6000.23
NiftyMidcap150,2025-10-01,6171.58
NiftyMidcap150,2025-10-02,6114.32
NiftyMidcap150,2025-10-03,6028.12
NiftyMidcap150,2025-10-06,6011.68
NiftyMidcap150,2025-10-07,5880.63
NiftyMidcap150,2025-10-08,5828.76
NiftyMidcap150,2025-10-09,5818.4
NiftyMidcap150,2025-10-10,5902.63
NiftyMidcap150,2025-10-13,5731.51
NiftyMidcap150,2025-10-14,5600.55
NiftyMidcap150,2025-10-15,5430.17
NiftyMidcap150,2025-10-16,5391.85
NiftyMidcap150,2025-10-17,5230.21
NiftyMidcap150,2025-10-20,5267.06
NiftyMidcap150,2025-10-21,5457.92
NiftyMidcap150,2025-10-22,5502.6
NiftyMidcap150,2025-10-23,5127.55
NiftyMidcap150,2025-10-24,5271.05
NiftyMidcap150,2025-10-27,4928.16
NiftyMidcap150,2025-10-28,4939.75
NiftyMidcap150,2025-10-29,4841.33
NiftyMidcap150,2025-10-30,4982.36
NiftyMidcap150,2025-10-31,5083.09
NiftyMidcap150,2025-11-03,5191.57
NiftyMidcap150,2025-11-04,5064.58
NiftyMidcap150,2025-11-05,5077.35
NiftyMidcap150,2025-11-06,5183.92
NiftyMidcap150,2025-11-07,5370.91
NiftyMidcap150,2025-11-10,5581.54
NiftyMidcap150,2025-11-11,5598.2
NiftyMidcap150,2025-11-12,5569.03
NiftyMidcap150,2025-11-13,5296.61
NiftyMidcap150,2025-11-14,5335.47
NiftyMidcap150,2025-11-17,5446.52
NiftyMidcap150,2025-11-18,5487.36
NiftyMidcap150,2025-11-19,5394.73
NiftyMidcap150,2025-11-20,5336.04
NiftyMidcap150,2025-11-21,5377.65
NiftyMidcap150,2025-11-24,5441.1
NiftyMidcap150,2025-11-25,5481.77
NiftyMidcap150,2025-11-26,5648.69
NiftyMidcap150,2025-11-27,5755.59
NiftyMidcap150,2025-11-28,5818.27
NiftyMidcap150,2025-12-01,5684.07
NiftyMidcap150,2025-12-02,5782.13
NiftyMidcap150,2025-12-03,5395.17
NiftyMidcap150,2025-12-04,5466.39
NiftyMidcap150,2025-12-05,5346.85
NiftyMidcap150,2025-12-08,5410.22
NiftyMidcap150,2025-12-09,5392.8
NiftyMidcap150,2025-12-10,5378.69
NiftyMidcap150,2025-12-11,5411.68
NiftyMidcap150,2025-12-12,5439.55
NiftyMidcap150,2025-12-15,5529.98
NiftyMidcap150,2025-12-16,5474.95
NiftyMidcap150,2025-12-17,5298.09
NiftyMidcap150,2025-12-18,5361.26
NiftyMidcap150,2025-12-19,5346.48
NiftyMidcap150,2025-12-22,5321.52
NiftyMidcap150,2025-12-23,5405.84
NiftyMidcap150,2025-12-24,5565.71
NiftyMidcap150,2025-12-25,5461.66
NiftyMidcap150,2025-12-26,5485.3
NiftyMidcap150,2025-12-29,5515.93
NiftyMidcap150,2025-12-30,5474.03
NiftyMidcap150,2025-12-31,5511.88
NiftyMidcap150,2026-01-01,5784.08
NiftyMidcap150,2026-01-02,5817.91
NiftyMidcap150,2026-01-05,5886.78
NiftyMidcap150,2026-01-06,5955.08
NiftyMidcap150,2026-01-07,6116.55
NiftyMidcap150,2026-01-08,6437.26
NiftyMidcap150,2026-01-09,6616.3
NiftyMidcap150,2026-01-12,6668.22
NiftyMidcap150,2026-01-13,6627.21
NiftyMidcap150,2026-01-14,6902.72
NiftyMidcap150,2026-01-15,6870.13
NiftyMidcap150,2026-01-16,6758.76
NiftyMidcap150,2026-01-19,6683.51
NiftyMidcap150,2026-01-20,6686.81
NiftyMidcap150,2026-01-21,6701.48
NiftyMidcap150,2026-01-22,6708.11
NiftyMidcap150,2026-01-23,6831.91
NiftyMidcap150,2026-01-26,7030.84
NiftyMidcap150,2026-01-27,6866.06
NiftyMidcap150,2026-01-28,6842.42
NiftyMidcap150,2026-01-29,6794.82
NiftyMidcap150,2026-01-30,6721.99
NiftyMidcap150,2026-02-02,6881.08
NiftyMidcap150,2026-02-03,6918.51
NiftyMidcap150,2026-02-04,6950.72
NiftyMidcap150,2026-02-05,7100.24
NiftyMidcap150,2026-02-06,7246.12
NiftyMidcap150,2026-02-09,7315.79
NiftyMidcap150,2026-02-10,7321.14
NiftyMidcap150,2026-02-11,7218.7
NiftyMidcap150,2026-02-12,7411.83
NiftyMidcap150,2026-02-13,7299.97
NiftyMidcap150,2026-02-16,7436.63
NiftyMidcap150,2026-02-17,7335.46
NiftyMidcap150,2026-02-18,7244.38
NiftyMidcap150,2026-02-19,6996.61
NiftyMidcap150,2026-02-20,7013.54
NiftyMidcap150,2026-02-23,6770.59
NiftyMidcap150,2026-02-24,6753.13
NiftyMidcap150,2026-02-25,6796.56
NiftyMidcap150,2026-02-26,6748.59
NiftyMidcap150,2026-02-27,6830.22
NiftyMidcap150,2026-03-02,7144.38
NiftyMidcap150,2026-03-03,7069.76
NiftyMidcap150,2026-03-04,6947.9
NiftyMidcap150,2026-03-05,6840.41
NiftyMidcap150,2026-03-06,6993.25
NiftyMidcap150,2026-03-09,7183.83
NiftyMidcap150,2026-03-10,7192.88
NiftyMidcap150,2026-03-11,7275.47
NiftyMidcap150,2026-03-12,7211.52
NiftyMidcap150,2026-03-13,7444.64
NiftyMidcap150,2026-03-16,7530.07
NiftyMidcap150,2026-03-17,7750.28
NiftyMidcap150,2026-03-18,7750.04
NiftyMidcap150,2026-03-19,7815.86
NiftyMidcap150,2026-03-20,7843.76
NiftyMidcap150,2026-03-23,8206.0
NiftyMidcap150,2026-03-24,8150.49
NiftyMidcap150,2026-03-25,8348.0
NiftyMidcap150,2026-03-26,8478.35
NiftyMidcap150,2026-03-27,8550.1
NiftyMidcap150,2026-03-30,8609.88
NiftyMidcap150,2026-03-31,8625.78
NiftyMidcap150,2026-04-01,8216.8
NiftyMidcap150,2026-04-02,8025.8
NiftyMidcap150,2026-04-03,7849.14
NiftyMidcap150,2026-04-06,8053.98
NiftyMidcap150,2026-04-07,8086.86
NiftyMidcap150,2026-04-08,8041.05
NiftyMidcap150,2026-04-09,7691.97
NiftyMidcap150,2026-04-10,7493.1
NiftyMidcap150,2026-04-13,7562.96
NiftyMidcap150,2026-04-14,7408.12
NiftyMidcap150,2026-04-15,7670.39
NiftyMidcap150,2026-04-16,7565.03
NiftyMidcap150,2026-04-17,7516.71
NiftyMidcap150,2026-04-20,7540.64
NiftyMidcap150,2026-04-21,7304.89
NiftyMidcap150,2026-04-22,7335.48
NiftyMidcap150,2026-04-23,7184.58
NiftyMidcap150,2026-04-24,7271.83
NiftyMidcap150,2026-04-27,7311.61
NiftyMidcap150,2026-04-28,7628.99
NiftyMidcap150,2026-04-29,7949.76
NiftyMidcap150,2026-04-30,7943.04
NiftyMidcap150,2026-05-01,7962.94
NiftyMidcap150,2026-05-04,8176.45
NiftyMidcap150,2026-05-05,8331.47
NiftyMidcap150,2026-05-06,8416.1
NiftyMidcap150,2026-05-07,8518.0
NiftyMidcap150,2026-05-08,8511.95
NiftyMidcap150,2026-05-11,8420.54
NiftyMidcap150,2026-05-12,8563.39
NiftyMidcap150,2026-05-13,8558.86
NiftyMidcap150,2026-05-14,8715.05
NiftyMidcap150,2026-05-15,8724.68
NiftyMidcap150,2026-05-18,8494.65
NiftyMidcap150,2026-05-19,8447.85
NiftyMidcap150,2026-05-20,8710.34
NiftyMidcap150,2026-05-21,8826.29
NiftyMidcap150,2026-05-22,8569.0
NiftyMidcap150,2026-05-25,8920.35
NiftyMidcap150,2026-05-26,9039.22
NiftyMidcap150,2026-05-27,9163.26
NiftyMidcap150,2026-05-28,9353.66
NiftyMidcap150,2026-05-29,9505.97
BSESmallCap,2022-01-03,25800.1
BSESmallCap,2022-01-04,26445.33
BSESmallCap,2022-01-05,26530.14
BSESmallCap,2022-01-06,26687.48
BSESmallCap,2022-01-07,26877.76
BSESmallCap,2022-01-10,26547.79
BSESmallCap,2022-01-11,26584.23
BSESmallCap,2022-01-12,25947.23
BSESmallCap,2022-01-13,25917.83
BSESmallCap,2022-01-14,26046.47
BSESmallCap,2022-01-17,26264.77
BSESmallCap,2022-01-18,26103.32
BSESmallCap,2022-01-19,26241.78
BSESmallCap,2022-01-20,26131.5
BSESmallCap,2022-01-21,25727.17
BSESmallCap,2022-01-24,27469.07
BSESmallCap,2022-01-25,27856.18
BSESmallCap,2022-01-26,26832.3
BSESmallCap,2022-01-27,26300.25
BSESmallCap,2022-01-28,27247.36
BSESmallCap,2022-01-31,26981.62
BSESmallCap,2022-02-01,25711.56
BSESmallCap,2022-02-02,25878.7
BSESmallCap,2022-02-03,25564.9
BSESmallCap,2022-02-04,25548.01
BSESmallCap,2022-02-07,24848.04
BSESmallCap,2022-02-08,24273.0
BSESmallCap,2022-02-09,24162.14
BSESmallCap,2022-02-10,24097.34
BSESmallCap,2022-02-11,23494.36
BSESmallCap,2022-02-14,23635.58
BSESmallCap,2022-02-15,23914.29
BSESmallCap,2022-02-16,23208.78
BSESmallCap,2022-02-17,22664.24
BSESmallCap,2022-02-18,23530.58
BSESmallCap,2022-02-21,23898.46
BSESmallCap,2022-02-22,24789.82
BSESmallCap,2022-02-23,25121.46
BSESmallCap,2022-02-24,25154.05
BSESmallCap,2022-02-25,25536.82
BSESmallCap,2022-02-28,24818.89
BSESmallCap,2022-03-01,25340.72
BSESmallCap,2022-03-02,25700.3
BSESmallCap,2022-03-03,25929.43
BSESmallCap,2022-03-04,26037.03
BSESmallCap,2022-03-07,26076.54
BSESmallCap,2022-03-08,26654.1
BSESmallCap,2022-03-09,26220.94
BSESmallCap,2022-03-10,26776.65
BSESmallCap,2022-03-11,26641.13
BSESmallCap,2022-03-14,26610.24
BSESmallCap,2022-03-15,27597.5
BSESmallCap,2022-03-16,27621.91
BSESmallCap,2022-03-17,28150.27
BSESmallCap,2022-03-18,28577.71
BSESmallCap,2022-03-21,28367.5
BSESmallCap,2022-03-22,27695.19
BSESmallCap,2022-03-23,28741.81
BSESmallCap,2022-03-24,29361.95
BSESmallCap,2022-03-25,28878.89
BSESmallCap,2022-03-28,28782.89
BSESmallCap,2022-03-29,29200.48
BSESmallCap,2022-03-30,28890.88
BSESmallCap,2022-03-31,28287.37
BSESmallCap,2022-04-01,28130.42
BSESmallCap,2022-04-04,27938.18
BSESmallCap,2022-04-05,28084.66
BSESmallCap,2022-04-06,26989.41
BSESmallCap,2022-04-07,27709.33
BSESmallCap,2022-04-08,27504.66
BSESmallCap,2022-04-11,26711.63
BSESmallCap,2022-04-12,25997.69
BSESmallCap,2022-04-13,25750.39
BSESmallCap,2022-04-14,27420.28
BSESmallCap,2022-04-15,27423.71
BSESmallCap,2022-04-18,28807.26
BSESmallCap,2022-04-19,29462.47
BSESmallCap,2022-04-20,28512.83
BSESmallCap,2022-04-21,28587.05
BSESmallCap,2022-04-22,28870.12
BSESmallCap,2022-04-25,28867.51
BSESmallCap,2022-04-26,29527.42
BSESmallCap,2022-04-27,30102.86
BSESmallCap,2022-04-28,28855.04
BSESmallCap,2022-04-29,29687.85
BSESmallCap,2022-05-02,30334.68
BSESmallCap,2022-05-03,29989.08
BSESmallCap,2022-05-04,29741.69
BSESmallCap,2022-05-05,31509.61
BSESmallCap,2022-05-06,31576.41
BSESmallCap,2022-05-09,31230.89
BSESmallCap,2022-05-10,31610.79
BSESmallCap,2022-05-11,31807.32
BSESmallCap,2022-05-12,31647.01
BSESmallCap,2022-05-13,31799.88
BSESmallCap,2022-05-16,31963.87
BSESmallCap,2022-05-17,31874.85
BSESmallCap,2022-05-18,33216.25
BSESmallCap,2022-05-19,34023.75
BSESmallCap,2022-05-20,34274.48
BSESmallCap,2022-05-23,33409.77
BSESmallCap,2022-05-24,34093.94
BSESmallCap,2022-05-25,34355.66
BSESmallCap,2022-05-26,33167.19
BSESmallCap,2022-05-27,33846.26
BSESmallCap,2022-05-30,33904.92
BSESmallCap,2022-05-31,35079.69
BSESmallCap,2022-06-01,35038.3
BSESmallCap,2022-06-02,33807.77
BSESmallCap,2022-06-03,34502.21
BSESmallCap,2022-06-06,34022.14
BSESmallCap,2022-06-07,35327.01
BSESmallCap,2022-06-08,34237.03
BSESmallCap,2022-06-09,34605.7
BSESmallCap,2022-06-10,34739.91
BSESmallCap,2022-06-13,33325.08
BSESmallCap,2022-06-14,34735.0
BSESmallCap,2022-06-15,35765.48
BSESmallCap,2022-06-16,35031.2
BSESmallCap,2022-06-17,35952.79
BSESmallCap,2022-06-20,36200.47
BSESmallCap,2022-06-21,35511.38
BSESmallCap,2022-06-22,34627.8
BSESmallCap,2022-06-23,33932.9
BSESmallCap,2022-06-24,34612.04
BSESmallCap,2022-06-27,34446.73
BSESmallCap,2022-06-28,33478.85
BSESmallCap,2022-06-29,33131.51
BSESmallCap,2022-06-30,34234.03
BSESmallCap,2022-07-01,34432.52
BSESmallCap,2022-07-04,34490.48
BSESmallCap,2022-07-05,35695.34
BSESmallCap,2022-07-06,36187.6
BSESmallCap,2022-07-07,36244.86
BSESmallCap,2022-07-08,36854.08
BSESmallCap,2022-07-11,38047.81
BSESmallCap,2022-07-12,36843.42
BSESmallCap,2022-07-13,36500.77
BSESmallCap,2022-07-14,37286.38
BSESmallCap,2022-07-15,37716.67
BSESmallCap,2022-07-18,37314.28
BSESmallCap,2022-07-19,37797.61
BSESmallCap,2022-07-20,35411.48
BSESmallCap,2022-07-21,35062.43
BSESmallCap,2022-07-22,36357.7
BSESmallCap,2022-07-25,37378.41
BSESmallCap,2022-07-26,37005.25
BSESmallCap,2022-07-27,37188.58
BSESmallCap,2022-07-28,37191.82
BSESmallCap,2022-07-29,35852.54
BSESmallCap,2022-08-01,36033.47
BSESmallCap,2022-08-02,36725.58
BSESmallCap,2022-08-03,36457.34
BSESmallCap,2022-08-04,35563.35
BSESmallCap,2022-08-05,35189.3
BSESmallCap,2022-08-08,35766.84
BSESmallCap,2022-08-09,35207.36
BSESmallCap,2022-08-10,34948.33
BSESmallCap,2022-08-11,35481.67
BSESmallCap,2022-08-12,36242.0
BSESmallCap,2022-08-15,37035.5
BSESmallCap,2022-08-16,38376.73
BSESmallCap,2022-08-17,37204.41
BSESmallCap,2022-08-18,36331.79
BSESmallCap,2022-08-19,36745.99
BSESmallCap,2022-08-22,36484.72
BSESmallCap,2022-08-23,34372.15
BSESmallCap,2022-08-24,35074.31
BSESmallCap,2022-08-25,35497.41
BSESmallCap,2022-08-26,35748.58
BSESmallCap,2022-08-29,35793.23
BSESmallCap,2022-08-30,34566.83
BSESmallCap,2022-08-31,33768.96
BSESmallCap,2022-09-01,33393.69
BSESmallCap,2022-09-02,33207.01
BSESmallCap,2022-09-05,32198.24
BSESmallCap,2022-09-06,31876.33
BSESmallCap,2022-09-07,32924.89
BSESmallCap,2022-09-08,32540.77
BSESmallCap,2022-09-09,33300.23
BSESmallCap,2022-09-12,33717.12
BSESmallCap,2022-09-13,34354.22
BSESmallCap,2022-09-14,33101.53
BSESmallCap,2022-09-15,33325.51
BSESmallCap,2022-09-16,33376.99
BSESmallCap,2022-09-19,33919.33
BSESmallCap,2022-09-20,32514.4
BSESmallCap,2022-09-21,34136.74
BSESmallCap,2022-09-22,33667.97
BSESmallCap,2022-09-23,32594.73
BSESmallCap,2022-09-26,31261.11
BSESmallCap,2022-09-27,32049.13
BSESmallCap,2022-09-28,32002.27
BSESmallCap,2022-09-29,32585.29
BSESmallCap,2022-09-30,32215.5
BSESmallCap,2022-10-03,32088.43
BSESmallCap,2022-10-04,32944.1
BSESmallCap,2022-10-05,33080.17
BSESmallCap,2022-10-06,33048.12
BSESmallCap,2022-10-07,33974.05
BSESmallCap,2022-10-10,35032.67
BSESmallCap,2022-10-11,36304.69
BSESmallCap,2022-10-12,35886.37
BSESmallCap,2022-10-13,36103.53
BSESmallCap,2022-10-14,35420.69
BSESmallCap,2022-10-17,36213.71
BSESmallCap,2022-10-18,35519.35
BSESmallCap,2022-10-19,35384.72
BSESmallCap,2022-10-20,34963.04
BSESmallCap,2022-10-21,34945.43
BSESmallCap,2022-10-24,34268.21
BSESmallCap,2022-10-25,34645.41
BSESmallCap,2022-10-26,35045.28
BSESmallCap,2022-10-27,34909.12
BSESmallCap,2022-10-28,34579.07
BSESmallCap,2022-10-31,35036.44
BSESmallCap,2022-11-01,35820.61
BSESmallCap,2022-11-02,34041.6
BSESmallCap,2022-11-03,33751.43
BSESmallCap,2022-11-04,33953.04
BSESmallCap,2022-11-07,32696.59
BSESmallCap,2022-11-08,31329.26
BSESmallCap,2022-11-09,31404.57
BSESmallCap,2022-11-10,31513.6
BSESmallCap,2022-11-11,29401.74
BSESmallCap,2022-11-14,29604.97
BSESmallCap,2022-11-15,30255.96
BSESmallCap,2022-11-16,30329.38
BSESmallCap,2022-11-17,30100.88
BSESmallCap,2022-11-18,30973.34
BSESmallCap,2022-11-21,30637.33
BSESmallCap,2022-11-22,30719.95
BSESmallCap,2022-11-23,30996.94
BSESmallCap,2022-11-24,31534.56
BSESmallCap,2022-11-25,32066.72
BSESmallCap,2022-11-28,30295.54
BSESmallCap,2022-11-29,30841.89
BSESmallCap,2022-11-30,30943.56
BSESmallCap,2022-12-01,30260.42
BSESmallCap,2022-12-02,29982.38
BSESmallCap,2022-12-05,31018.78
BSESmallCap,2022-12-06,31498.33
BSESmallCap,2022-12-07,31623.46
BSESmallCap,2022-12-08,31308.58
BSESmallCap,2022-12-09,32319.67
BSESmallCap,2022-12-12,30304.92
BSESmallCap,2022-12-13,30992.38
BSESmallCap,2022-12-14,31465.31
BSESmallCap,2022-12-15,31093.65
BSESmallCap,2022-12-16,30029.49
BSESmallCap,2022-12-19,29323.51
BSESmallCap,2022-12-20,28789.25
BSESmallCap,2022-12-21,28257.82
BSESmallCap,2022-12-22,28824.89
BSESmallCap,2022-12-23,28773.73
BSESmallCap,2022-12-26,29897.36
BSESmallCap,2022-12-27,30499.74
BSESmallCap,2022-12-28,30212.28
BSESmallCap,2022-12-29,28533.03
BSESmallCap,2022-12-30,29055.16
BSESmallCap,2023-01-02,29463.51
BSESmallCap,2023-01-03,30400.78
BSESmallCap,2023-01-04,30506.73
BSESmallCap,2023-01-05,29593.4
BSESmallCap,2023-01-06,29648.26
BSESmallCap,2023-01-09,29976.27
BSESmallCap,2023-01-10,28657.07
BSESmallCap,2023-01-11,29544.4
BSESmallCap,2023-01-12,29956.03
BSESmallCap,2023-01-13,29230.6
BSESmallCap,2023-01-16,30124.51
BSESmallCap,2023-01-17,28876.42
BSESmallCap,2023-01-18,28350.82
BSESmallCap,2023-01-19,27533.82
BSESmallCap,2023-01-20,27383.5
BSESmallCap,2023-01-23,27788.42
BSESmallCap,2023-01-24,27689.56
BSESmallCap,2023-01-25,27276.68
BSESmallCap,2023-01-26,27835.27
BSESmallCap,2023-01-27,27931.24
BSESmallCap,2023-01-30,28556.71
BSESmallCap,2023-01-31,28555.11
BSESmallCap,2023-02-01,27875.23
BSESmallCap,2023-02-02,27947.91
BSESmallCap,2023-02-03,28084.73
BSESmallCap,2023-02-06,27991.09
BSESmallCap,2023-02-07,26549.08
BSESmallCap,2023-02-08,26707.28
BSESmallCap,2023-02-09,27341.57
BSESmallCap,2023-02-10,28299.3
BSESmallCap,2023-02-13,29292.05
BSESmallCap,2023-02-14,30840.32
BSESmallCap,2023-02-15,31841.08
BSESmallCap,2023-02-16,31649.79
BSESmallCap,2023-02-17,30458.67
BSESmallCap,2023-02-20,31348.45
BSESmallCap,2023-02-21,32315.51
BSESmallCap,2023-02-22,33264.76
BSESmallCap,2023-02-23,32704.35
BSESmallCap,2023-02-24,31392.05
BSESmallCap,2023-02-27,31690.0
BSESmallCap,2023-02-28,32100.38
BSESmallCap,2023-03-01,31187.65
BSESmallCap,2023-03-02,32317.15
BSESmallCap,2023-03-03,31286.74
BSESmallCap,2023-03-06,30711.95
BSESmallCap,2023-03-07,31036.99
BSESmallCap,2023-03-08,29754.84
BSESmallCap,2023-03-09,29135.72
BSESmallCap,2023-03-10,29529.72
BSESmallCap,2023-03-13,28830.35
BSESmallCap,2023-03-14,29531.68
BSESmallCap,2023-03-15,29658.16
BSESmallCap,2023-03-16,29490.27
BSESmallCap,2023-03-17,30785.31
BSESmallCap,2023-03-20,31709.18
BSESmallCap,2023-03-21,32635.63
BSESmallCap,2023-03-22,33315.21
BSESmallCap,2023-03-23,34320.7
BSESmallCap,2023-03-24,33849.08
BSESmallCap,2023-03-27,31744.25
BSESmallCap,2023-03-28,31397.23
BSESmallCap,2023-03-29,29778.84
BSESmallCap,2023-03-30,30973.53
BSESmallCap,2023-03-31,30683.31
BSESmallCap,2023-04-03,30629.35
BSESmallCap,2023-04-04,30269.65
BSESmallCap,2023-04-05,30888.79
BSESmallCap,2023-04-06,30914.04
BSESmallCap,2023-04-07,31593.32
BSESmallCap,2023-04-10,31478.53
BSESmallCap,2023-04-11,32185.62
BSESmallCap,2023-04-12,31629.29
BSESmallCap,2023-04-13,32404.86
BSESmallCap,2023-04-14,32817.84
BSESmallCap,2023-04-17,33095.81
BSESmallCap,2023-04-18,32532.57
BSESmallCap,2023-04-19,31594.53
BSESmallCap,2023-04-20,32748.25
BSESmallCap,2023-04-21,32296.14
BSESmallCap,2023-04-24,32927.12
BSESmallCap,2023-04-25,33010.1
BSESmallCap,2023-04-26,33347.17
BSESmallCap,2023-04-27,33739.01
BSESmallCap,2023-04-28,33064.72
BSESmallCap,2023-05-01,33126.36
BSESmallCap,2023-05-02,33020.55
BSESmallCap,2023-05-03,33216.18
BSESmallCap,2023-05-04,33610.28
BSESmallCap,2023-05-05,32522.31
BSESmallCap,2023-05-08,31385.12
BSESmallCap,2023-05-09,31939.77
BSESmallCap,2023-05-10,30885.56
BSESmallCap,2023-05-11,29281.78
BSESmallCap,2023-05-12,29976.87
BSESmallCap,2023-05-15,30453.74
BSESmallCap,2023-05-16,31362.36
BSESmallCap,2023-05-17,29325.44
BSESmallCap,2023-05-18,29797.11
BSESmallCap,2023-05-19,29438.3
BSESmallCap,2023-05-22,30384.69
BSESmallCap,2023-05-23,29950.01
BSESmallCap,2023-05-24,28422.12
BSESmallCap,2023-05-25,29052.13
BSESmallCap,2023-05-26,28829.46
BSESmallCap,2023-05-29,28941.48
BSESmallCap,2023-05-30,29733.77
BSESmallCap,2023-05-31,30285.77
BSESmallCap,2023-06-01,29950.27
BSESmallCap,2023-06-02,29398.05
BSESmallCap,2023-06-05,29974.67
BSESmallCap,2023-06-06,29800.78
BSESmallCap,2023-06-07,30907.08
BSESmallCap,2023-06-08,30264.31
BSESmallCap,2023-06-09,30821.87
BSESmallCap,2023-06-12,31574.5
BSESmallCap,2023-06-13,31054.41
BSESmallCap,2023-06-14,31112.65
BSESmallCap,2023-06-15,30625.18
BSESmallCap,2023-06-16,29680.14
BSESmallCap,2023-06-19,28720.17
BSESmallCap,2023-06-20,28462.05
BSESmallCap,2023-06-21,28448.55
BSESmallCap,2023-06-22,27263.64
BSESmallCap,2023-06-23,27275.28
BSESmallCap,2023-06-26,26740.49
BSESmallCap,2023-06-27,27028.65
BSESmallCap,2023-06-28,26496.5
BSESmallCap,2023-06-29,26406.32
BSESmallCap,2023-06-30,27069.69
BSESmallCap,2023-07-03,28262.48
BSESmallCap,2023-07-04,28558.68
BSESmallCap,2023-07-05,28631.56
BSESmallCap,2023-07-06,28623.7
BSESmallCap,2023-07-07,27540.11
BSESmallCap,2023-07-10,27737.01
BSESmallCap,2023-07-11,26243.25
BSESmallCap,2023-07-12,26761.02
BSESmallCap,2023-07-13,27221.75
BSESmallCap,2023-07-14,27528.36
BSESmallCap,2023-07-17,27355.5
BSESmallCap,2023-07-18,28231.36
BSESmallCap,2023-07-19,26906.67
BSESmallCap,2023-07-20,27890.53
BSESmallCap,2023-07-21,27679.69
BSESmallCap,2023-07-24,28189.57
BSESmallCap,2023-07-25,28083.78
BSESmallCap,2023-07-26,29205.06
BSESmallCap,2023-07-27,29888.04
BSESmallCap,2023-07-28,29568.47
BSESmallCap,2023-07-31,29179.71
BSESmallCap,2023-08-01,28769.23
BSESmallCap,2023-08-02,29157.32
BSESmallCap,2023-08-03,28577.4
BSESmallCap,2023-08-04,28242.26
BSESmallCap,2023-08-07,29082.9
BSESmallCap,2023-08-08,29211.25
BSESmallCap,2023-08-09,29878.31
BSESmallCap,2023-08-10,29976.21
BSESmallCap,2023-08-11,30885.24
BSESmallCap,2023-08-14,30889.02
BSESmallCap,2023-08-15,31601.39
BSESmallCap,2023-08-16,31672.53
BSESmallCap,2023-08-17,31315.01
BSESmallCap,2023-08-18,31718.32
BSESmallCap,2023-08-21,31390.01
BSESmallCap,2023-08-22,30671.28
BSESmallCap,2023-08-23,31166.59
BSESmallCap,2023-08-24,31371.7
BSESmallCap,2023-08-25,30351.75
BSESmallCap,2023-08-28,30805.53
BSESmallCap,2023-08-29,31346.52
BSESmallCap,2023-08-30,30671.37
BSESmallCap,2023-08-31,31562.39
BSESmallCap,2023-09-01,31295.67
BSESmallCap,2023-09-04,33047.7
BSESmallCap,2023-09-05,31733.44
BSESmallCap,2023-09-06,31067.37
BSESmallCap,2023-09-07,31591.23
BSESmallCap,2023-09-08,31017.93
BSESmallCap,2023-09-11,30961.9
BSESmallCap,2023-09-12,31071.69
BSESmallCap,2023-09-13,30927.08
BSESmallCap,2023-09-14,32687.91
BSESmallCap,2023-09-15,32670.7
BSESmallCap,2023-09-18,32765.8
BSESmallCap,2023-09-19,33358.7
BSESmallCap,2023-09-20,32184.22
BSESmallCap,2023-09-21,31987.16
BSESmallCap,2023-09-22,31783.72
BSESmallCap,2023-09-25,31827.56
BSESmallCap,2023-09-26,32776.67
BSESmallCap,2023-09-27,34027.05
BSESmallCap,2023-09-28,34789.23
BSESmallCap,2023-09-29,32742.97
BSESmallCap,2023-10-02,33240.27
BSESmallCap,2023-10-03,32601.89
BSESmallCap,2023-10-04,31815.3
BSESmallCap,2023-10-05,31951.92
BSESmallCap,2023-10-06,31430.76
BSESmallCap,2023-10-09,32082.03
BSESmallCap,2023-10-10,32962.21
BSESmallCap,2023-10-11,31966.51
BSESmallCap,2023-10-12,32670.75
BSESmallCap,2023-10-13,33221.65
BSESmallCap,2023-10-16,32315.71
BSESmallCap,2023-10-17,32346.15
BSESmallCap,2023-10-18,31667.91
BSESmallCap,2023-10-19,32858.89
BSESmallCap,2023-10-20,32941.47
BSESmallCap,2023-10-23,33784.11
BSESmallCap,2023-10-24,34687.9
BSESmallCap,2023-10-25,34625.42
BSESmallCap,2023-10-26,34725.13
BSESmallCap,2023-10-27,34509.62
BSESmallCap,2023-10-30,33049.69
BSESmallCap,2023-10-31,32327.02
BSESmallCap,2023-11-01,32603.9
BSESmallCap,2023-11-02,32911.91
BSESmallCap,2023-11-03,32929.99
BSESmallCap,2023-11-06,31777.6
BSESmallCap,2023-11-07,31927.62
BSESmallCap,2023-11-08,31576.93
BSESmallCap,2023-11-09,30901.44
BSESmallCap,2023-11-10,30732.68
BSESmallCap,2023-11-13,28770.34
BSESmallCap,2023-11-14,28849.58
BSESmallCap,2023-11-15,29710.99
BSESmallCap,2023-11-16,30010.63
BSESmallCap,2023-11-17,29903.12
BSESmallCap,2023-11-20,31855.26
BSESmallCap,2023-11-21,32480.22
BSESmallCap,2023-11-22,30827.47
BSESmallCap,2023-11-23,30759.6
BSESmallCap,2023-11-24,30099.56
BSESmallCap,2023-11-27,29623.56
BSESmallCap,2023-11-28,30064.19
BSESmallCap,2023-11-29,30524.04
BSESmallCap,2023-11-30,30549.19
BSESmallCap,2023-12-01,31471.29
BSESmallCap,2023-12-04,32671.18
BSESmallCap,2023-12-05,31787.48
BSESmallCap,2023-12-06,31381.4
BSESmallCap,2023-12-07,32246.47
BSESmallCap,2023-12-08,33841.03
BSESmallCap,2023-12-11,34055.63
BSESmallCap,2023-12-12,32465.68
BSESmallCap,2023-12-13,32215.03
BSESmallCap,2023-12-14,32587.81
BSESmallCap,2023-12-15,32020.17
BSESmallCap,2023-12-18,32202.24
BSESmallCap,2023-12-19,32484.62
BSESmallCap,2023-12-20,31592.74
BSESmallCap,2023-12-21,31113.13
BSESmallCap,2023-12-22,31425.92
BSESmallCap,2023-12-25,31687.41
BSESmallCap,2023-12-26,30998.07
BSESmallCap,2023-12-27,30769.37
BSESmallCap,2023-12-28,31816.15
BSESmallCap,2023-12-29,30396.02
BSESmallCap,2024-01-01,31080.85
BSESmallCap,2024-01-02,30779.66
BSESmallCap,2024-01-03,29687.12
BSESmallCap,2024-01-04,29361.5
BSESmallCap,2024-01-05,29830.45
BSESmallCap,2024-01-08,29493.71
BSESmallCap,2024-01-09,29231.31
BSESmallCap,2024-01-10,28669.83
BSESmallCap,2024-01-11,28311.42
BSESmallCap,2024-01-12,28541.82
BSESmallCap,2024-01-15,28104.81
BSESmallCap,2024-01-16,29386.5
BSESmallCap,2024-01-17,28544.44
BSESmallCap,2024-01-18,29650.87
BSESmallCap,2024-01-19,27953.26
BSESmallCap,2024-01-22,27458.9
BSESmallCap,2024-01-23,28150.72
BSESmallCap,2024-01-24,27674.73
BSESmallCap,2024-01-25,27705.72
BSESmallCap,2024-01-26,26775.85
BSESmallCap,2024-01-29,26889.76
BSESmallCap,2024-01-30,28028.74
BSESmallCap,2024-01-31,28751.31
BSESmallCap,2024-02-01,29528.32
BSESmallCap,2024-02-02,30417.09
BSESmallCap,2024-02-05,30752.17
BSESmallCap,2024-02-06,29685.26
BSESmallCap,2024-02-07,29220.0
BSESmallCap,2024-02-08,29517.82
BSESmallCap,2024-02-09,30494.79
BSESmallCap,2024-02-12,31449.46
BSESmallCap,2024-02-13,30944.67
BSESmallCap,2024-02-14,30961.83
BSESmallCap,2024-02-15,30625.01
BSESmallCap,2024-02-16,29739.82
BSESmallCap,2024-02-19,29209.48
BSESmallCap,2024-02-20,28802.15
BSESmallCap,2024-02-21,29079.96
BSESmallCap,2024-02-22,28559.87
BSESmallCap,2024-02-23,27756.83
BSESmallCap,2024-02-26,27156.4
BSESmallCap,2024-02-27,25915.81
BSESmallCap,2024-02-28,26367.26
BSESmallCap,2024-02-29,26733.52
BSESmallCap,2024-03-01,26458.26
BSESmallCap,2024-03-04,25993.85
BSESmallCap,2024-03-05,25472.08
BSESmallCap,2024-03-06,26033.6
BSESmallCap,2024-03-07,26743.2
BSESmallCap,2024-03-08,26778.13
BSESmallCap,2024-03-11,27842.53
BSESmallCap,2024-03-12,28877.75
BSESmallCap,2024-03-13,28058.87
BSESmallCap,2024-03-14,27271.62
BSESmallCap,2024-03-15,26658.67
BSESmallCap,2024-03-18,26243.16
BSESmallCap,2024-03-19,26956.95
BSESmallCap,2024-03-20,27007.61
BSESmallCap,2024-03-21,26614.81
BSESmallCap,2024-03-22,26740.0
BSESmallCap,2024-03-25,26402.22
BSESmallCap,2024-03-26,27493.11
BSESmallCap,2024-03-27,27637.36
BSESmallCap,2024-03-28,27998.38
BSESmallCap,2024-03-29,28092.53
BSESmallCap,2024-04-01,29159.61
BSESmallCap,2024-04-02,29918.63
BSESmallCap,2024-04-03,28649.81
BSESmallCap,2024-04-04,27559.22
BSESmallCap,2024-04-05,27798.39
BSESmallCap,2024-04-08,27095.01
BSESmallCap,2024-04-09,26974.45
BSESmallCap,2024-04-10,27204.78
BSESmallCap,2024-04-11,26925.71
BSESmallCap,2024-04-12,26314.21
BSESmallCap,2024-04-15,25932.33
BSESmallCap,2024-04-16,25969.61
BSESmallCap,2024-04-17,26526.75
BSESmallCap,2024-04-18,26687.44
BSESmallCap,2024-04-19,26407.56
BSESmallCap,2024-04-22,27011.67
BSESmallCap,2024-04-23,27729.18
BSESmallCap,2024-04-24,28602.07
BSESmallCap,2024-04-25,28344.66
BSESmallCap,2024-04-26,28397.29
BSESmallCap,2024-04-29,28516.46
BSESmallCap,2024-04-30,28486.73
BSESmallCap,2024-05-01,29128.9
BSESmallCap,2024-05-02,29494.73
BSESmallCap,2024-05-03,28855.76
BSESmallCap,2024-05-06,27716.23
BSESmallCap,2024-05-07,28375.54
BSESmallCap,2024-05-08,27723.75
BSESmallCap,2024-05-09,26852.65
BSESmallCap,2024-05-10,28089.25
BSESmallCap,2024-05-13,28025.63
BSESmallCap,2024-05-14,27633.73
BSESmallCap,2024-05-15,28151.65
BSESmallCap,2024-05-16,29154.31
BSESmallCap,2024-05-17,29567.28
BSESmallCap,2024-05-20,28748.6
BSESmallCap,2024-05-21,28281.96
BSESmallCap,2024-05-22,28409.6
BSESmallCap,2024-05-23,29000.7
BSESmallCap,2024-05-24,30360.87
BSESmallCap,2024-05-27,29577.53
BSESmallCap,2024-05-28,29679.69
BSESmallCap,2024-05-29,28673.31
BSESmallCap,2024-05-30,27816.57
BSESmallCap,2024-05-31,27222.28
BSESmallCap,2024-06-03,27374.97
BSESmallCap,2024-06-04,27509.45
BSESmallCap,2024-06-05,27463.83
BSESmallCap,2024-06-06,27820.04
BSESmallCap,2024-06-07,28335.13
BSESmallCap,2024-06-10,29395.34
BSESmallCap,2024-06-11,29558.88
BSESmallCap,2024-06-12,30929.25
BSESmallCap,2024-06-13,30263.77
BSESmallCap,2024-06-14,29537.32
BSESmallCap,2024-06-17,30521.39
BSESmallCap,2024-06-18,29813.18
BSESmallCap,2024-06-19,29301.32
BSESmallCap,2024-06-20,29367.34
BSESmallCap,2024-06-21,28867.49
BSESmallCap,2024-06-24,29016.75
BSESmallCap,2024-06-25,30320.27
BSESmallCap,2024-06-26,29957.32
BSESmallCap,2024-06-27,30248.58
BSESmallCap,2024-06-28,30572.17
BSESmallCap,2024-07-01,30325.56
BSESmallCap,2024-07-02,29918.47
BSESmallCap,2024-07-03,31099.1
BSESmallCap,2024-07-04,31429.79
BSESmallCap,2024-07-05,30611.2
BSESmallCap,2024-07-08,29633.33
BSESmallCap,2024-07-09,30233.92
BSESmallCap,2024-07-10,30666.08
BSESmallCap,2024-07-11,30694.07
BSESmallCap,2024-07-12,30797.42
BSESmallCap,2024-07-15,30892.74
BSESmallCap,2024-07-16,30749.25
BSESmallCap,2024-07-17,31450.09
BSESmallCap,2024-07-18,31476.19
BSESmallCap,2024-07-19,29878.47
BSESmallCap,2024-07-22,30159.91
BSESmallCap,2024-07-23,29858.31
BSESmallCap,2024-07-24,28361.06
BSESmallCap,2024-07-25,29224.87
BSESmallCap,2024-07-26,27033.41
BSESmallCap,2024-07-29,26454.24
BSESmallCap,2024-07-30,27370.57
BSESmallCap,2024-07-31,27323.98
BSESmallCap,2024-08-01,28031.23
BSESmallCap,2024-08-02,28143.84
BSESmallCap,2024-08-05,28685.09
BSESmallCap,2024-08-06,28755.69
BSESmallCap,2024-08-07,28626.75
BSESmallCap,2024-08-08,28920.98
BSESmallCap,2024-08-09,29181.41
BSESmallCap,2024-08-12,28710.62
BSESmallCap,2024-08-13,28682.46
BSESmallCap,2024-08-14,28960.48
BSESmallCap,2024-08-15,29822.81
BSESmallCap,2024-08-16,29417.88
BSESmallCap,2024-08-19,29556.43
BSESmallCap,2024-08-20,28059.84
BSESmallCap,2024-08-21,28283.6
BSESmallCap,2024-08-22,27414.2
BSESmallCap,2024-08-23,29124.31
BSESmallCap,2024-08-26,29523.24
BSESmallCap,2024-08-27,29777.04
BSESmallCap,2024-08-28,29106.83
BSESmallCap,2024-08-29,28709.5
BSESmallCap,2024-08-30,29455.32
BSESmallCap,2024-09-02,30400.73
BSESmallCap,2024-09-03,31130.78
BSESmallCap,2024-09-04,31258.42
BSESmallCap,2024-09-05,29840.47
BSESmallCap,2024-09-06,30391.94
BSESmallCap,2024-09-09,30926.14
BSESmallCap,2024-09-10,30687.53
BSESmallCap,2024-09-11,29466.06
BSESmallCap,2024-09-12,29074.17
BSESmallCap,2024-09-13,29417.2
BSESmallCap,2024-09-16,29336.62
BSESmallCap,2024-09-17,29182.69
BSESmallCap,2024-09-18,28806.6
BSESmallCap,2024-09-19,28779.29
BSESmallCap,2024-09-20,28641.86
BSESmallCap,2024-09-23,28543.8
BSESmallCap,2024-09-24,28800.79
BSESmallCap,2024-09-25,28427.48
BSESmallCap,2024-09-26,29588.26
BSESmallCap,2024-09-27,29547.73
BSESmallCap,2024-09-30,29344.75
BSESmallCap,2024-10-01,28478.85
BSESmallCap,2024-10-02,28333.52
BSESmallCap,2024-10-03,27746.83
BSESmallCap,2024-10-04,26775.38
BSESmallCap,2024-10-07,26858.71
BSESmallCap,2024-10-08,27293.92
BSESmallCap,2024-10-09,27061.45
BSESmallCap,2024-10-10,26980.93
BSESmallCap,2024-10-11,27586.93
BSESmallCap,2024-10-14,28201.02
BSESmallCap,2024-10-15,27481.84
BSESmallCap,2024-10-16,27825.65
BSESmallCap,2024-10-17,27974.65
BSESmallCap,2024-10-18,27858.34
BSESmallCap,2024-10-21,27588.09
BSESmallCap,2024-10-22,25739.08
BSESmallCap,2024-10-23,25828.45
BSESmallCap,2024-10-24,26361.22
BSESmallCap,2024-10-25,25548.87
BSESmallCap,2024-10-28,25902.43
BSESmallCap,2024-10-29,25799.77
BSESmallCap,2024-10-30,25666.92
BSESmallCap,2024-10-31,25286.95
BSESmallCap,2024-11-01,25648.42
BSESmallCap,2024-11-04,25183.61
BSESmallCap,2024-11-05,25655.3
BSESmallCap,2024-11-06,25399.87
BSESmallCap,2024-11-07,25237.66
BSESmallCap,2024-11-08,24751.79
BSESmallCap,2024-11-11,24675.25
BSESmallCap,2024-11-12,25373.56
BSESmallCap,2024-11-13,25808.22
BSESmallCap,2024-11-14,26061.33
BSESmallCap,2024-11-15,25731.29
BSESmallCap,2024-11-18,26511.38
BSESmallCap,2024-11-19,26102.07
BSESmallCap,2024-11-20,26802.43
BSESmallCap,2024-11-21,26860.3
BSESmallCap,2024-11-22,26607.1
BSESmallCap,2024-11-25,28054.47
BSESmallCap,2024-11-26,28565.89
BSESmallCap,2024-11-27,29697.53
BSESmallCap,2024-11-28,29325.69
BSESmallCap,2024-11-29,30064.29
BSESmallCap,2024-12-02,29503.82
BSESmallCap,2024-12-03,29103.26
BSESmallCap,2024-12-04,29645.31
BSESmallCap,2024-12-05,29353.9
BSESmallCap,2024-12-06,30787.06
BSESmallCap,2024-12-09,31004.98
BSESmallCap,2024-12-10,31646.15
BSESmallCap,2024-12-11,31517.08
BSESmallCap,2024-12-12,32030.81
BSESmallCap,2024-12-13,32209.05
BSESmallCap,2024-12-16,33087.23
BSESmallCap,2024-12-17,33541.77
BSESmallCap,2024-12-18,32290.92
BSESmallCap,2024-12-19,31326.76
BSESmallCap,2024-12-20,31773.31
BSESmallCap,2024-12-23,30410.84
BSESmallCap,2024-12-24,32998.89
BSESmallCap,2024-12-25,31972.77
BSESmallCap,2024-12-26,30966.77
BSESmallCap,2024-12-27,31057.91
BSESmallCap,2024-12-30,30576.03
BSESmallCap,2024-12-31,30560.2
BSESmallCap,2025-01-01,31159.09
BSESmallCap,2025-01-02,31755.46
BSESmallCap,2025-01-03,30670.2
BSESmallCap,2025-01-06,31145.86
BSESmallCap,2025-01-07,30779.81
BSESmallCap,2025-01-08,30613.84
BSESmallCap,2025-01-09,30587.17
BSESmallCap,2025-01-10,32633.76
BSESmallCap,2025-01-13,33154.43
BSESmallCap,2025-01-14,31679.17
BSESmallCap,2025-01-15,32339.85
BSESmallCap,2025-01-16,31976.0
BSESmallCap,2025-01-17,31052.91
BSESmallCap,2025-01-20,32737.04
BSESmallCap,2025-01-21,32583.36
BSESmallCap,2025-01-22,32245.96
BSESmallCap,2025-01-23,31581.48
BSESmallCap,2025-01-24,32329.21
BSESmallCap,2025-01-27,32138.09
BSESmallCap,2025-01-28,33619.32
BSESmallCap,2025-01-29,33856.77
BSESmallCap,2025-01-30,34190.59
BSESmallCap,2025-01-31,34525.8
BSESmallCap,2025-02-03,34173.24
BSESmallCap,2025-02-04,33750.0
BSESmallCap,2025-02-05,31762.11
BSESmallCap,2025-02-06,31638.97
BSESmallCap,2025-02-07,30922.09
BSESmallCap,2025-02-10,32217.0
BSESmallCap,2025-02-11,32865.66
BSESmallCap,2025-02-12,32601.78
BSESmallCap,2025-02-13,32346.91
BSESmallCap,2025-02-14,32477.51
BSESmallCap,2025-02-17,32541.34
BSESmallCap,2025-02-18,32573.04
BSESmallCap,2025-02-19,33134.44
BSESmallCap,2025-02-20,32076.87
BSESmallCap,2025-02-21,34135.34
BSESmallCap,2025-02-24,34209.8
BSESmallCap,2025-02-25,33615.24
BSESmallCap,2025-02-26,33728.92
BSESmallCap,2025-02-27,34490.46
BSESmallCap,2025-02-28,33639.82
BSESmallCap,2025-03-03,35747.78
BSESmallCap,2025-03-04,36119.86
BSESmallCap,2025-03-05,36394.08
BSESmallCap,2025-03-06,35878.12
BSESmallCap,2025-03-07,34970.56
BSESmallCap,2025-03-10,35369.68
BSESmallCap,2025-03-11,35295.33
BSESmallCap,2025-03-12,35554.13
BSESmallCap,2025-03-13,35468.01
BSESmallCap,2025-03-14,33735.3
BSESmallCap,2025-03-17,32926.0
BSESmallCap,2025-03-18,33030.44
BSESmallCap,2025-03-19,34289.1
BSESmallCap,2025-03-20,33312.31
BSESmallCap,2025-03-21,31889.66
BSESmallCap,2025-03-24,32389.47
BSESmallCap,2025-03-25,32898.85
BSESmallCap,2025-03-26,32870.37
BSESmallCap,2025-03-27,33378.94
BSESmallCap,2025-03-28,33123.83
BSESmallCap,2025-03-31,33533.24
BSESmallCap,2025-04-01,34586.5
BSESmallCap,2025-04-02,33634.4
BSESmallCap,2025-04-03,33889.72
BSESmallCap,2025-04-04,33441.5
BSESmallCap,2025-04-07,32367.13
BSESmallCap,2025-04-08,34290.63
BSESmallCap,2025-04-09,34536.99
BSESmallCap,2025-04-10,32239.09
BSESmallCap,2025-04-11,31626.72
BSESmallCap,2025-04-14,32462.56
BSESmallCap,2025-04-15,32770.37
BSESmallCap,2025-04-16,33971.15
BSESmallCap,2025-04-17,31781.09
BSESmallCap,2025-04-18,32759.23
BSESmallCap,2025-04-21,31832.24
BSESmallCap,2025-04-22,31513.63
BSESmallCap,2025-04-23,31276.88
BSESmallCap,2025-04-24,31193.71
BSESmallCap,2025-04-25,31436.9
BSESmallCap,2025-04-28,30493.47
BSESmallCap,2025-04-29,28708.12
BSESmallCap,2025-04-30,28624.33
BSESmallCap,2025-05-01,28673.56
BSESmallCap,2025-05-02,28684.96
BSESmallCap,2025-05-05,28712.61
BSESmallCap,2025-05-06,27883.58
BSESmallCap,2025-05-07,27970.03
BSESmallCap,2025-05-08,27429.99
BSESmallCap,2025-05-09,28338.79
BSESmallCap,2025-05-12,29753.08
BSESmallCap,2025-05-13,30236.84
BSESmallCap,2025-05-14,31145.25
BSESmallCap,2025-05-15,32346.14
BSESmallCap,2025-05-16,31951.43
BSESmallCap,2025-05-19,32871.66
BSESmallCap,2025-05-20,33563.46
BSESmallCap,2025-05-21,34475.12
BSESmallCap,2025-05-22,34227.51
BSESmallCap,2025-05-23,33866.1
BSESmallCap,2025-05-26,35307.37
BSESmallCap,2025-05-27,35890.12
BSESmallCap,2025-05-28,35927.77
BSESmallCap,2025-05-29,35113.09
BSESmallCap,2025-05-30,35639.03
BSESmallCap,2025-06-02,35962.38
BSESmallCap,2025-06-03,34972.2
BSESmallCap,2025-06-04,37417.94
BSESmallCap,2025-06-05,36464.73
BSESmallCap,2025-06-06,36620.83
BSESmallCap,2025-06-09,36822.6
BSESmallCap,2025-06-10,37936.51
BSESmallCap,2025-06-11,37098.86
BSESmallCap,2025-06-12,36980.99
BSESmallCap,2025-06-13,37036.83
BSESmallCap,2025-06-16,36592.84
BSESmallCap,2025-06-17,36683.83
BSESmallCap,2025-06-18,37897.17
BSESmallCap,2025-06-19,38088.78
BSESmallCap,2025-06-20,38252.89
BSESmallCap,2025-06-23,39212.69
BSESmallCap,2025-06-24,39485.83
BSESmallCap,2025-06-25,39487.98
BSESmallCap,2025-06-26,39833.55
BSESmallCap,2025-06-27,39154.79
BSESmallCap,2025-06-30,39957.53
BSESmallCap,2025-07-01,38725.06
BSESmallCap,2025-07-02,38478.54
BSESmallCap,2025-07-03,39731.22
BSESmallCap,2025-07-04,38410.22
BSESmallCap,2025-07-07,39146.45
BSESmallCap,2025-07-08,40595.79
BSESmallCap,2025-07-09,40038.21
BSESmallCap,2025-07-10,40289.93
BSESmallCap,2025-07-11,40152.4
BSESmallCap,2025-07-14,40343.38
BSESmallCap,2025-07-15,39414.71
BSESmallCap,2025-07-16,39450.57
BSESmallCap,2025-07-17,40425.65
BSESmallCap,2025-07-18,39718.44
BSESmallCap,2025-07-21,39492.35
BSESmallCap,2025-07-22,40666.13
BSESmallCap,2025-07-23,41446.45
BSESmallCap,2025-07-24,43051.19
BSESmallCap,2025-07-25,42154.65
BSESmallCap,2025-07-28,41847.17
BSESmallCap,2025-07-29,42036.75
BSESmallCap,2025-07-30,43065.75
BSESmallCap,2025-07-31,43935.79
BSESmallCap,2025-08-01,44157.39
BSESmallCap,2025-08-04,44480.74
BSESmallCap,2025-08-05,43956.26
BSESmallCap,2025-08-06,45573.56
BSESmallCap,2025-08-07,44509.84
BSESmallCap,2025-08-08,44277.46
BSESmallCap,2025-08-11,42785.48
BSESmallCap,2025-08-12,41116.79
BSESmallCap,2025-08-13,40618.19
BSESmallCap,2025-08-14,42745.96
BSESmallCap,2025-08-15,42780.8
BSESmallCap,2025-08-18,43093.98
BSESmallCap,2025-08-19,43726.18
BSESmallCap,2025-08-20,42890.04
BSESmallCap,2025-08-21,42968.14
BSESmallCap,2025-08-22,42396.11
BSESmallCap,2025-08-25,42504.18
BSESmallCap,2025-08-26,43368.91
BSESmallCap,2025-08-27,43084.09
BSESmallCap,2025-08-28,43076.36
BSESmallCap,2025-08-29,45049.96
BSESmallCap,2025-09-01,48852.34
BSESmallCap,2025-09-02,50629.87
BSESmallCap,2025-09-03,49869.85
BSESmallCap,2025-09-04,49717.14
BSESmallCap,2025-09-05,51345.23
BSESmallCap,2025-09-08,49212.15
BSESmallCap,2025-09-09,50846.65
BSESmallCap,2025-09-10,50541.63
BSESmallCap,2025-09-11,50811.42
BSESmallCap,2025-09-12,52187.78
BSESmallCap,2025-09-15,54645.9
BSESmallCap,2025-09-16,54886.78
BSESmallCap,2025-09-17,52136.93
BSESmallCap,2025-09-18,51537.4
BSESmallCap,2025-09-19,49941.97
BSESmallCap,2025-09-22,50963.85
BSESmallCap,2025-09-23,51560.44
BSESmallCap,2025-09-24,51496.18
BSESmallCap,2025-09-25,50619.0
BSESmallCap,2025-09-26,54516.02
BSESmallCap,2025-09-29,55477.12
BSESmallCap,2025-09-30,55474.24
BSESmallCap,2025-10-01,53916.94
BSESmallCap,2025-10-02,54724.38
BSESmallCap,2025-10-03,54247.89
BSESmallCap,2025-10-06,53504.44
BSESmallCap,2025-10-07,54669.69
BSESmallCap,2025-10-08,55475.11
BSESmallCap,2025-10-09,56367.71
BSESmallCap,2025-10-10,53733.54
BSESmallCap,2025-10-13,56443.25
BSESmallCap,2025-10-14,55227.47
BSESmallCap,2025-10-15,54049.35
BSESmallCap,2025-10-16,55886.34
BSESmallCap,2025-10-17,56010.69
BSESmallCap,2025-10-20,55432.09
BSESmallCap,2025-10-21,55503.76
BSESmallCap,2025-10-22,55822.85
BSESmallCap,2025-10-23,55344.79
BSESmallCap,2025-10-24,56203.87
BSESmallCap,2025-10-27,58682.96
BSESmallCap,2025-10-28,59746.17
BSESmallCap,2025-10-29,59419.0
BSESmallCap,2025-10-30,58968.85
BSESmallCap,2025-10-31,58930.38
BSESmallCap,2025-11-03,57075.36
BSESmallCap,2025-11-04,55495.68
BSESmallCap,2025-11-05,56631.49
BSESmallCap,2025-11-06,56759.45
BSESmallCap,2025-11-07,58809.66
BSESmallCap,2025-11-10,58517.3
BSESmallCap,2025-11-11,61724.52
BSESmallCap,2025-11-12,62473.36
BSESmallCap,2025-11-13,61840.19
BSESmallCap,2025-11-14,60223.47
BSESmallCap,2025-11-17,58577.52
BSESmallCap,2025-11-18,59329.82
BSESmallCap,2025-11-19,56903.11
BSESmallCap,2025-11-20,60162.97
BSESmallCap,2025-11-21,62153.81
BSESmallCap,2025-11-24,63361.09
BSESmallCap,2025-11-25,64349.92
BSESmallCap,2025-11-26,63166.32
BSESmallCap,2025-11-27,64637.26
BSESmallCap,2025-11-28,64518.22
BSESmallCap,2025-12-01,64753.19
BSESmallCap,2025-12-02,66634.48
BSESmallCap,2025-12-03,67085.5
BSESmallCap,2025-12-04,67763.77
BSESmallCap,2025-12-05,67399.12
BSESmallCap,2025-12-08,66869.97
BSESmallCap,2025-12-09,66097.7
BSESmallCap,2025-12-10,67882.62
BSESmallCap,2025-12-11,66009.97
BSESmallCap,2025-12-12,66167.49
BSESmallCap,2025-12-15,66800.51
BSESmallCap,2025-12-16,67243.62
BSESmallCap,2025-12-17,67930.46
BSESmallCap,2025-12-18,68405.17
BSESmallCap,2025-12-19,68371.3
BSESmallCap,2025-12-22,68066.9
BSESmallCap,2025-12-23,68507.7
BSESmallCap,2025-12-24,68628.8
BSESmallCap,2025-12-25,72141.27
BSESmallCap,2025-12-26,70672.4
BSESmallCap,2025-12-29,69561.74
BSESmallCap,2025-12-30,69266.84
BSESmallCap,2025-12-31,70259.87
BSESmallCap,2026-01-01,71702.91
BSESmallCap,2026-01-02,70410.35
BSESmallCap,2026-01-05,70759.93
BSESmallCap,2026-01-06,71761.68
BSESmallCap,2026-01-07,70571.78
BSESmallCap,2026-01-08,71103.47
BSESmallCap,2026-01-09,68857.22
BSESmallCap,2026-01-12,69356.27
BSESmallCap,2026-01-13,65001.17
BSESmallCap,2026-01-14,63882.84
BSESmallCap,2026-01-15,63911.57
BSESmallCap,2026-01-16,64102.15
BSESmallCap,2026-01-19,62507.4
BSESmallCap,2026-01-20,61579.01
BSESmallCap,2026-01-21,61886.98
BSESmallCap,2026-01-22,61665.23
BSESmallCap,2026-01-23,64014.47
BSESmallCap,2026-01-26,65343.77
BSESmallCap,2026-01-27,62045.41
BSESmallCap,2026-01-28,60475.8
BSESmallCap,2026-01-29,60402.47
BSESmallCap,2026-01-30,60521.81
BSESmallCap,2026-02-02,59714.19
BSESmallCap,2026-02-03,60703.09
BSESmallCap,2026-02-04,59835.7
BSESmallCap,2026-02-05,57727.47
BSESmallCap,2026-02-06,57654.08
BSESmallCap,2026-02-09,56557.48
BSESmallCap,2026-02-10,54996.65
BSESmallCap,2026-02-11,54114.68
BSESmallCap,2026-02-12,53445.51
BSESmallCap,2026-02-13,52649.33
BSESmallCap,2026-02-16,53196.08
BSESmallCap,2026-02-17,54144.51
BSESmallCap,2026-02-18,54900.03
BSESmallCap,2026-02-19,54267.67
BSESmallCap,2026-02-20,55143.53
BSESmallCap,2026-02-23,55747.69
BSESmallCap,2026-02-24,56798.79
BSESmallCap,2026-02-25,57002.39
BSESmallCap,2026-02-26,56250.7
BSESmallCap,2026-02-27,56099.36
BSESmallCap,2026-03-02,54140.07
BSESmallCap,2026-03-03,54318.39
BSESmallCap,2026-03-04,55156.97
BSESmallCap,2026-03-05,57004.82
BSESmallCap,2026-03-06,57835.96
BSESmallCap,2026-03-09,58544.48
BSESmallCap,2026-03-10,57633.41
BSESmallCap,2026-03-11,58136.73
BSESmallCap,2026-03-12,59662.3
BSESmallCap,2026-03-13,58557.05
BSESmallCap,2026-03-16,58142.93
BSESmallCap,2026-03-17,57256.03
BSESmallCap,2026-03-18,57140.99
BSESmallCap,2026-03-19,60303.09
BSESmallCap,2026-03-20,58419.07
BSESmallCap,2026-03-23,56936.54
BSESmallCap,2026-03-24,59067.56
BSESmallCap,2026-03-25,59948.54
BSESmallCap,2026-03-26,61316.6
BSESmallCap,2026-03-27,62233.97
BSESmallCap,2026-03-30,65206.23
BSESmallCap,2026-03-31,65716.39
BSESmallCap,2026-04-01,62954.36
BSESmallCap,2026-04-02,61961.69
BSESmallCap,2026-04-03,62600.92
BSESmallCap,2026-04-06,61995.0
BSESmallCap,2026-04-07,64343.89
BSESmallCap,2026-04-08,65934.84
BSESmallCap,2026-04-09,67772.79
BSESmallCap,2026-04-10,64126.2
BSESmallCap,2026-04-13,64507.39
BSESmallCap,2026-04-14,66020.75
BSESmallCap,2026-04-15,65490.97
BSESmallCap,2026-04-16,66407.69
BSESmallCap,2026-04-17,66261.0
BSESmallCap,2026-04-20,70205.89
BSESmallCap,2026-04-21,68072.29
BSESmallCap,2026-04-22,68457.52
BSESmallCap,2026-04-23,70703.94
BSESmallCap,2026-04-24,69895.38
BSESmallCap,2026-04-27,70922.46
BSESmallCap,2026-04-28,71815.09
BSESmallCap,2026-04-29,72356.15
BSESmallCap,2026-04-30,71465.77
BSESmallCap,2026-05-01,68718.99
BSESmallCap,2026-05-04,68428.94
BSESmallCap,2026-05-05,66141.17
BSESmallCap,2026-05-06,65580.33
BSESmallCap,2026-05-07,64686.41
BSESmallCap,2026-05-08,67392.79
BSESmallCap,2026-05-11,66119.76
BSESmallCap,2026-05-12,68769.66
BSESmallCap,2026-05-13,70786.69
BSESmallCap,2026-05-14,70860.5
BSESmallCap,2026-05-15,70388.23
BSESmallCap,2026-05-18,69446.11
BSESmallCap,2026-05-19,72545.9
BSESmallCap,2026-05-20,68182.64
BSESmallCap,2026-05-21,66945.76
BSESmallCap,2026-05-22,67889.76
BSESmallCap,2026-05-25,66326.77
BSESmallCap,2026-05-26,63692.96
BSESmallCap,2026-05-27,61835.26
BSESmallCap,2026-05-28,62862.26
BSESmallCap,2026-05-29,61763.54
CRISILLiquid,2022-01-03,2399.61
CRISILLiquid,2022-01-04,2398.76
CRISILLiquid,2022-01-05,2400.46
CRISILLiquid,2022-01-06,2405.93
CRISILLiquid,2022-01-07,2401.57
CRISILLiquid,2022-01-10,2400.34
CRISILLiquid,2022-01-11,2399.8
CRISILLiquid,2022-01-12,2397.86
CRISILLiquid,2022-01-13,2399.86
CRISILLiquid,2022-01-14,2403.19
CRISILLiquid,2022-01-17,2405.16
CRISILLiquid,2022-01-18,2407.11
CRISILLiquid,2022-01-19,2408.7
CRISILLiquid,2022-01-20,2415.62
CRISILLiquid,2022-01-21,2413.96
CRISILLiquid,2022-01-24,2413.46
CRISILLiquid,2022-01-25,2414.1
CRISILLiquid,2022-01-26,2416.32
CRISILLiquid,2022-01-27,2419.06
CRISILLiquid,2022-01-28,2417.49
CRISILLiquid,2022-01-31,2419.02
CRISILLiquid,2022-02-01,2419.95
CRISILLiquid,2022-02-02,2423.84
CRISILLiquid,2022-02-03,2428.46
CRISILLiquid,2022-02-04,2429.33
CRISILLiquid,2022-02-07,2431.72
CRISILLiquid,2022-02-08,2432.06
CRISILLiquid,2022-02-09,2435.23
CRISILLiquid,2022-02-10,2436.58
CRISILLiquid,2022-02-11,2436.7
CRISILLiquid,2022-02-14,2440.95
CRISILLiquid,2022-02-15,2439.81
CRISILLiquid,2022-02-16,2440.93
CRISILLiquid,2022-02-17,2438.33
CRISILLiquid,2022-02-18,2438.22
CRISILLiquid,2022-02-21,2439.62
CRISILLiquid,2022-02-22,2440.49
CRISILLiquid,2022-02-23,2440.83
CRISILLiquid,2022-02-24,2438.57
CRISILLiquid,2022-02-25,2438.47
CRISILLiquid,2022-02-28,2437.92
CRISILLiquid,2022-03-01,2434.1
CRISILLiquid,2022-03-02,2438.53
CRISILLiquid,2022-03-03,2436.81
CRISILLiquid,2022-03-04,2434.81
CRISILLiquid,2022-03-07,2435.23
CRISILLiquid,2022-03-08,2434.75
CRISILLiquid,2022-03-09,2439.58
CRISILLiquid,2022-03-10,2438.1
CRISILLiquid,2022-03-11,2438.52
CRISILLiquid,2022-03-14,2436.33
CRISILLiquid,2022-03-15,2435.52
CRISILLiquid,2022-03-16,2431.38
CRISILLiquid,2022-03-17,2433.1
CRISILLiquid,2022-03-18,2433.6
CRISILLiquid,2022-03-21,2435.34
CRISILLiquid,2022-03-22,2434.95
CRISILLiquid,2022-03-23,2436.8
CRISILLiquid,2022-03-24,2436.89
CRISILLiquid,2022-03-25,2439.29
CRISILLiquid,2022-03-28,2440.99
CRISILLiquid,2022-03-29,2440.48
CRISILLiquid,2022-03-30,2440.42
CRISILLiquid,2022-03-31,2439.16
CRISILLiquid,2022-04-01,2434.74
CRISILLiquid,2022-04-04,2435.03
CRISILLiquid,2022-04-05,2436.72
CRISILLiquid,2022-04-06,2438.28
CRISILLiquid,2022-04-07,2439.02
CRISILLiquid,2022-04-08,2439.02
CRISILLiquid,2022-04-11,2436.36
CRISILLiquid,2022-04-12,2439.69
CRISILLiquid,2022-04-13,2444.72
CRISILLiquid,2022-04-14,2446.55
CRISILLiquid,2022-04-15,2447.85
CRISILLiquid,2022-04-18,2450.97
CRISILLiquid,2022-04-19,2447.16
CRISILLiquid,2022-04-20,2447.4
CRISILLiquid,2022-04-21,2447.94
CRISILLiquid,2022-04-22,2446.94
CRISILLiquid,2022-04-25,2447.29
CRISILLiquid,2022-04-26,2445.35
CRISILLiquid,2022-04-27,2446.67
CRISILLiquid,2022-04-28,2446.25
CRISILLiquid,2022-04-29,2446.3
CRISILLiquid,2022-05-02,2446.65
CRISILLiquid,2022-05-03,2447.24
CRISILLiquid,2022-05-04,2450.24
CRISILLiquid,2022-05-05,2447.28
CRISILLiquid,2022-05-06,2446.08
CRISILLiquid,2022-05-09,2449.15
CRISILLiquid,2022-05-10,2447.64
CRISILLiquid,2022-05-11,2448.72
CRISILLiquid,2022-05-12,2448.76
CRISILLiquid,2022-05-13,2451.32
CRISILLiquid,2022-05-16,2456.78
CRISILLiquid,2022-05-17,2456.37
CRISILLiquid,2022-05-18,2456.06
CRISILLiquid,2022-05-19,2456.53
CRISILLiquid,2022-05-20,2452.95
CRISILLiquid,2022-05-23,2453.08
CRISILLiquid,2022-05-24,2452.17
CRISILLiquid,2022-05-25,2454.32
CRISILLiquid,2022-05-26,2454.12
CRISILLiquid,2022-05-27,2453.13
CRISILLiquid,2022-05-30,2456.29
CRISILLiquid,2022-05-31,2454.28
CRISILLiquid,2022-06-01,2453.72
CRISILLiquid,2022-06-02,2457.52
CRISILLiquid,2022-06-03,2457.98
CRISILLiquid,2022-06-06,2460.27
CRISILLiquid,2022-06-07,2458.61
CRISILLiquid,2022-06-08,2455.2
CRISILLiquid,2022-06-09,2460.45
CRISILLiquid,2022-06-10,2461.25
CRISILLiquid,2022-06-13,2464.82
CRISILLiquid,2022-06-14,2466.23
CRISILLiquid,2022-06-15,2466.76
CRISILLiquid,2022-06-16,2467.48
CRISILLiquid,2022-06-17,2472.3
CRISILLiquid,2022-06-20,2472.65
CRISILLiquid,2022-06-21,2473.56
CRISILLiquid,2022-06-22,2472.28
CRISILLiquid,2022-06-23,2472.32
CRISILLiquid,2022-06-24,2474.75
CRISILLiquid,2022-06-27,2477.77
CRISILLiquid,2022-06-28,2478.53
CRISILLiquid,2022-06-29,2480.44
CRISILLiquid,2022-06-30,2481.73
CRISILLiquid,2022-07-01,2484.16
CRISILLiquid,2022-07-04,2477.37
CRISILLiquid,2022-07-05,2473.52
CRISILLiquid,2022-07-06,2471.24
CRISILLiquid,2022-07-07,2478.28
CRISILLiquid,2022-07-08,2479.18
CRISILLiquid,2022-07-11,2483.34
CRISILLiquid,2022-07-12,2481.5
CRISILLiquid,2022-07-13,2485.31
CRISILLiquid,2022-07-14,2488.43
CRISILLiquid,2022-07-15,2485.97
CRISILLiquid,2022-07-18,2482.84
CRISILLiquid,2022-07-19,2483.44
CRISILLiquid,2022-07-20,2483.94
CRISILLiquid,2022-07-21,2483.62
CRISILLiquid,2022-07-22,2483.96
CRISILLiquid,2022-07-25,2484.01
CRISILLiquid,2022-07-26,2484.57
CRISILLiquid,2022-07-27,2485.49
CRISILLiquid,2022-07-28,2483.47
CRISILLiquid,2022-07-29,2488.82
CRISILLiquid,2022-08-01,2487.8
CRISILLiquid,2022-08-02,2484.55
CRISILLiquid,2022-08-03,2485.68
CRISILLiquid,2022-08-04,2490.46
CRISILLiquid,2022-08-05,2492.57
CRISILLiquid,2022-08-08,2496.63
CRISILLiquid,2022-08-09,2499.6
CRISILLiquid,2022-08-10,2497.13
CRISILLiquid,2022-08-11,2501.05
CRISILLiquid,2022-08-12,2503.03
CRISILLiquid,2022-08-15,2501.94
CRISILLiquid,2022-08-16,2502.11
CRISILLiquid,2022-08-17,2502.36
CRISILLiquid,2022-08-18,2498.84
CRISILLiquid,2022-08-19,2496.21
CRISILLiquid,2022-08-22,2499.1
CRISILLiquid,2022-08-23,2501.26
CRISILLiquid,2022-08-24,2500.62
CRISILLiquid,2022-08-25,2502.92
CRISILLiquid,2022-08-26,2507.67
CRISILLiquid,2022-08-29,2510.02
CRISILLiquid,2022-08-30,2508.24
CRISILLiquid,2022-08-31,2504.88
CRISILLiquid,2022-09-01,2507.28
CRISILLiquid,2022-09-02,2506.94
CRISILLiquid,2022-09-05,2509.64
CRISILLiquid,2022-09-06,2508.16
CRISILLiquid,2022-09-07,2508.64
CRISILLiquid,2022-09-08,2504.85
CRISILLiquid,2022-09-09,2507.76
CRISILLiquid,2022-09-12,2509.59
CRISILLiquid,2022-09-13,2512.96
CRISILLiquid,2022-09-14,2513.2
CRISILLiquid,2022-09-15,2511.26
CRISILLiquid,2022-09-16,2510.54
CRISILLiquid,2022-09-19,2507.58
CRISILLiquid,2022-09-20,2510.88
CRISILLiquid,2022-09-21,2513.31
CRISILLiquid,2022-09-22,2510.23
CRISILLiquid,2022-09-23,2507.14
CRISILLiquid,2022-09-26,2506.74
CRISILLiquid,2022-09-27,2505.1
CRISILLiquid,2022-09-28,2503.17
CRISILLiquid,2022-09-29,2500.21
CRISILLiquid,2022-09-30,2501.57
CRISILLiquid,2022-10-03,2502.4
CRISILLiquid,2022-10-04,2501.9
CRISILLiquid,2022-10-05,2505.65
CRISILLiquid,2022-10-06,2507.73
CRISILLiquid,2022-10-07,2512.92
CRISILLiquid,2022-10-10,2509.5
CRISILLiquid,2022-10-11,2510.2
CRISILLiquid,2022-10-12,2507.07
CRISILLiquid,2022-10-13,2509.75
CRISILLiquid,2022-10-14,2508.54
CRISILLiquid,2022-10-17,2505.84
CRISILLiquid,2022-10-18,2506.58
CRISILLiquid,2022-10-19,2503.99
CRISILLiquid,2022-10-20,2503.43
CRISILLiquid,2022-10-21,2501.32
CRISILLiquid,2022-10-24,2494.93
CRISILLiquid,2022-10-25,2495.33
CRISILLiquid,2022-10-26,2493.7
CRISILLiquid,2022-10-27,2491.87
CRISILLiquid,2022-10-28,2491.7
CRISILLiquid,2022-10-31,2491.21
CRISILLiquid,2022-11-01,2492.55
CRISILLiquid,2022-11-02,2491.32
CRISILLiquid,2022-11-03,2488.51
CRISILLiquid,2022-11-04,2489.67
CRISILLiquid,2022-11-07,2487.96
CRISILLiquid,2022-11-08,2490.49
CRISILLiquid,2022-11-09,2486.85
CRISILLiquid,2022-11-10,2492.23
CRISILLiquid,2022-11-11,2489.86
CRISILLiquid,2022-11-14,2486.64
CRISILLiquid,2022-11-15,2481.47
CRISILLiquid,2022-11-16,2478.21
CRISILLiquid,2022-11-17,2477.03
CRISILLiquid,2022-11-18,2480.42
CRISILLiquid,2022-11-21,2476.81
CRISILLiquid,2022-11-22,2479.28
CRISILLiquid,2022-11-23,2480.02
CRISILLiquid,2022-11-24,2481.68
CRISILLiquid,2022-11-25,2482.32
CRISILLiquid,2022-11-28,2480.89
CRISILLiquid,2022-11-29,2484.14
CRISILLiquid,2022-11-30,2482.06
CRISILLiquid,2022-12-01,2480.03
CRISILLiquid,2022-12-02,2478.75
CRISILLiquid,2022-12-05,2480.16
CRISILLiquid,2022-12-06,2482.95
CRISILLiquid,2022-12-07,2483.54
CRISILLiquid,2022-12-08,2483.69
CRISILLiquid,2022-12-09,2487.07
CRISILLiquid,2022-12-12,2488.34
CRISILLiquid,2022-12-13,2485.57
CRISILLiquid,2022-12-14,2486.55
CRISILLiquid,2022-12-15,2488.78
CRISILLiquid,2022-12-16,2488.7
CRISILLiquid,2022-12-19,2489.09
CRISILLiquid,2022-12-20,2488.88
CRISILLiquid,2022-12-21,2491.06
CRISILLiquid,2022-12-22,2491.05
CRISILLiquid,2022-12-23,2492.74
CRISILLiquid,2022-12-26,2493.38
CRISILLiquid,2022-12-27,2497.69
CRISILLiquid,2022-12-28,2495.53
CRISILLiquid,2022-12-29,2495.89
CRISILLiquid,2022-12-30,2495.28
CRISILLiquid,2023-01-02,2497.87
CRISILLiquid,2023-01-03,2497.24
CRISILLiquid,2023-01-04,2494.6
CRISILLiquid,2023-01-05,2493.53
CRISILLiquid,2023-01-06,2490.44
CRISILLiquid,2023-01-09,2488.37
CRISILLiquid,2023-01-10,2488.6
CRISILLiquid,2023-01-11,2482.68
CRISILLiquid,2023-01-12,2486.99
CRISILLiquid,2023-01-13,2488.31
CRISILLiquid,2023-01-16,2488.43
CRISILLiquid,2023-01-17,2488.49
CRISILLiquid,2023-01-18,2491.11
CRISILLiquid,2023-01-19,2491.35
CRISILLiquid,2023-01-20,2493.44
CRISILLiquid,2023-01-23,2497.11
CRISILLiquid,2023-01-24,2497.1
CRISILLiquid,2023-01-25,2498.41
CRISILLiquid,2023-01-26,2500.27
CRISILLiquid,2023-01-27,2500.44
CRISILLiquid,2023-01-30,2498.61
CRISILLiquid,2023-01-31,2501.98
CRISILLiquid,2023-02-01,2504.66
CRISILLiquid,2023-02-02,2505.33
CRISILLiquid,2023-02-03,2507.4
CRISILLiquid,2023-02-06,2509.17
CRISILLiquid,2023-02-07,2507.62
CRISILLiquid,2023-02-08,2503.68
CRISILLiquid,2023-02-09,2503.8
CRISILLiquid,2023-02-10,2509.03
CRISILLiquid,2023-02-13,2511.95
CRISILLiquid,2023-02-14,2508.64
CRISILLiquid,2023-02-15,2507.22
CRISILLiquid,2023-02-16,2507.98
CRISILLiquid,2023-02-17,2511.59
CRISILLiquid,2023-02-20,2513.89
CRISILLiquid,2023-02-21,2514.66
CRISILLiquid,2023-02-22,2519.03
CRISILLiquid,2023-02-23,2518.63
CRISILLiquid,2023-02-24,2517.38
CRISILLiquid,2023-02-27,2514.7
CRISILLiquid,2023-02-28,2514.49
CRISILLiquid,2023-03-01,2512.44
CRISILLiquid,2023-03-02,2515.24
CRISILLiquid,2023-03-03,2515.92
CRISILLiquid,2023-03-06,2512.49
CRISILLiquid,2023-03-07,2514.6
CRISILLiquid,2023-03-08,2520.79
CRISILLiquid,2023-03-09,2518.48
CRISILLiquid,2023-03-10,2519.0
CRISILLiquid,2023-03-13,2517.92
CRISILLiquid,2023-03-14,2522.02
CRISILLiquid,2023-03-15,2522.15
CRISILLiquid,2023-03-16,2522.31
CRISILLiquid,2023-03-17,2522.64
CRISILLiquid,2023-03-20,2527.91
CRISILLiquid,2023-03-21,2533.11
CRISILLiquid,2023-03-22,2534.2
CRISILLiquid,2023-03-23,2539.62
CRISILLiquid,2023-03-24,2540.19
CRISILLiquid,2023-03-27,2543.52
CRISILLiquid,2023-03-28,2540.35
CRISILLiquid,2023-03-29,2538.76
CRISILLiquid,2023-03-30,2532.53
CRISILLiquid,2023-03-31,2534.11
CRISILLiquid,2023-04-03,2535.79
CRISILLiquid,2023-04-04,2539.69
CRISILLiquid,2023-04-05,2538.97
CRISILLiquid,2023-04-06,2537.22
CRISILLiquid,2023-04-07,2537.11
CRISILLiquid,2023-04-10,2540.07
CRISILLiquid,2023-04-11,2543.25
CRISILLiquid,2023-04-12,2544.36
CRISILLiquid,2023-04-13,2545.87
CRISILLiquid,2023-04-14,2543.76
CRISILLiquid,2023-04-17,2546.25
CRISILLiquid,2023-04-18,2545.81
CRISILLiquid,2023-04-19,2545.35
CRISILLiquid,2023-04-20,2546.02
CRISILLiquid,2023-04-21,2548.31
CRISILLiquid,2023-04-24,2548.47
CRISILLiquid,2023-04-25,2548.85
CRISILLiquid,2023-04-26,2547.68
CRISILLiquid,2023-04-27,2543.96
CRISILLiquid,2023-04-28,2546.65
CRISILLiquid,2023-05-01,2546.84
CRISILLiquid,2023-05-02,2549.09
CRISILLiquid,2023-05-03,2543.88
CRISILLiquid,2023-05-04,2543.81
CRISILLiquid,2023-05-05,2539.02
CRISILLiquid,2023-05-08,2542.8
CRISILLiquid,2023-05-09,2541.25
CRISILLiquid,2023-05-10,2542.52
CRISILLiquid,2023-05-11,2544.92
CRISILLiquid,2023-05-12,2541.65
CRISILLiquid,2023-05-15,2540.19
CRISILLiquid,2023-05-16,2545.77
CRISILLiquid,2023-05-17,2551.58
CRISILLiquid,2023-05-18,2550.37
CRISILLiquid,2023-05-19,2551.18
CRISILLiquid,2023-05-22,2551.39
CRISILLiquid,2023-05-23,2550.14
CRISILLiquid,2023-05-24,2547.22
CRISILLiquid,2023-05-25,2545.19
CRISILLiquid,2023-05-26,2545.83
CRISILLiquid,2023-05-29,2548.22
CRISILLiquid,2023-05-30,2551.2
CRISILLiquid,2023-05-31,2547.75
CRISILLiquid,2023-06-01,2546.39
CRISILLiquid,2023-06-02,2548.35
CRISILLiquid,2023-06-05,2549.75
CRISILLiquid,2023-06-06,2552.51
CRISILLiquid,2023-06-07,2553.99
CRISILLiquid,2023-06-08,2549.77
CRISILLiquid,2023-06-09,2554.81
CRISILLiquid,2023-06-12,2555.29
CRISILLiquid,2023-06-13,2554.32
CRISILLiquid,2023-06-14,2557.95
CRISILLiquid,2023-06-15,2554.63
CRISILLiquid,2023-06-16,2554.22
CRISILLiquid,2023-06-19,2561.09
CRISILLiquid,2023-06-20,2559.52
CRISILLiquid,2023-06-21,2561.68
CRISILLiquid,2023-06-22,2565.88
CRISILLiquid,2023-06-23,2568.85
CRISILLiquid,2023-06-26,2570.75
CRISILLiquid,2023-06-27,2571.29
CRISILLiquid,2023-06-28,2572.68
CRISILLiquid,2023-06-29,2572.14
CRISILLiquid,2023-06-30,2572.6
CRISILLiquid,2023-07-03,2572.58
CRISILLiquid,2023-07-04,2568.66
CRISILLiquid,2023-07-05,2571.44
CRISILLiquid,2023-07-06,2572.9
CRISILLiquid,2023-07-07,2573.97
CRISILLiquid,2023-07-10,2573.45
CRISILLiquid,2023-07-11,2573.95
CRISILLiquid,2023-07-12,2570.04
CRISILLiquid,2023-07-13,2570.93
CRISILLiquid,2023-07-14,2571.02
CRISILLiquid,2023-07-17,2571.94
CRISILLiquid,2023-07-18,2574.31
CRISILLiquid,2023-07-19,2573.92
CRISILLiquid,2023-07-20,2572.05
CRISILLiquid,2023-07-21,2571.67
CRISILLiquid,2023-07-24,2570.94
CRISILLiquid,2023-07-25,2567.41
CRISILLiquid,2023-07-26,2572.73
CRISILLiquid,2023-07-27,2575.14
CRISILLiquid,2023-07-28,2578.0
CRISILLiquid,2023-07-31,2578.6
CRISILLiquid,2023-08-01,2580.38
CRISILLiquid,2023-08-02,2582.44
CRISILLiquid,2023-08-03,2579.28
CRISILLiquid,2023-08-04,2581.72
CRISILLiquid,2023-08-07,2583.26
CRISILLiquid,2023-08-08,2578.23
CRISILLiquid,2023-08-09,2573.97
CRISILLiquid,2023-08-10,2571.46
CRISILLiquid,2023-08-11,2573.75
CRISILLiquid,2023-08-14,2575.83
CRISILLiquid,2023-08-15,2574.8
CRISILLiquid,2023-08-16,2576.75
CRISILLiquid,2023-08-17,2575.95
CRISILLiquid,2023-08-18,2581.66
CRISILLiquid,2023-08-21,2584.11
CRISILLiquid,2023-08-22,2582.07
CRISILLiquid,2023-08-23,2581.15
CRISILLiquid,2023-08-24,2581.97
CRISILLiquid,2023-08-25,2577.61
CRISILLiquid,2023-08-28,2579.28
CRISILLiquid,2023-08-29,2581.71
CRISILLiquid,2023-08-30,2585.32
CRISILLiquid,2023-08-31,2590.57
CRISILLiquid,2023-09-01,2587.75
CRISILLiquid,2023-09-04,2587.28
CRISILLiquid,2023-09-05,2588.66
CRISILLiquid,2023-09-06,2589.2
CRISILLiquid,2023-09-07,2593.12
CRISILLiquid,2023-09-08,2596.51
CRISILLiquid,2023-09-11,2597.23
CRISILLiquid,2023-09-12,2597.22
CRISILLiquid,2023-09-13,2596.9
CRISILLiquid,2023-09-14,2596.74
CRISILLiquid,2023-09-15,2594.68
CRISILLiquid,2023-09-18,2592.96
CRISILLiquid,2023-09-19,2596.99
CRISILLiquid,2023-09-20,2595.91
CRISILLiquid,2023-09-21,2599.61
CRISILLiquid,2023-09-22,2595.29
CRISILLiquid,2023-09-25,2596.22
CRISILLiquid,2023-09-26,2594.25
CRISILLiquid,2023-09-27,2593.64
CRISILLiquid,2023-09-28,2594.82
CRISILLiquid,2023-09-29,2599.63
CRISILLiquid,2023-10-02,2601.98
CRISILLiquid,2023-10-03,2600.24
CRISILLiquid,2023-10-04,2602.25
CRISILLiquid,2023-10-05,2606.24
CRISILLiquid,2023-10-06,2611.14
CRISILLiquid,2023-10-09,2611.07
CRISILLiquid,2023-10-10,2611.5
CRISILLiquid,2023-10-11,2608.99
CRISILLiquid,2023-10-12,2608.03
CRISILLiquid,2023-10-13,2607.85
CRISILLiquid,2023-10-16,2608.07
CRISILLiquid,2023-10-17,2610.5
CRISILLiquid,2023-10-18,2617.82
CRISILLiquid,2023-10-19,2615.34
CRISILLiquid,2023-10-20,2621.15
CRISILLiquid,2023-10-23,2623.29
CRISILLiquid,2023-10-24,2622.82
CRISILLiquid,2023-10-25,2626.21
CRISILLiquid,2023-10-26,2623.4
CRISILLiquid,2023-10-27,2623.67
CRISILLiquid,2023-10-30,2621.7
CRISILLiquid,2023-10-31,2621.56
CRISILLiquid,2023-11-01,2625.31
CRISILLiquid,2023-11-02,2620.31
CRISILLiquid,2023-11-03,2620.34
CRISILLiquid,2023-11-06,2622.27
CRISILLiquid,2023-11-07,2618.32
CRISILLiquid,2023-11-08,2620.21
CRISILLiquid,2023-11-09,2624.67
CRISILLiquid,2023-11-10,2621.08
CRISILLiquid,2023-11-13,2624.06
CRISILLiquid,2023-11-14,2620.47
CRISILLiquid,2023-11-15,2626.22
CRISILLiquid,2023-11-16,2627.05
CRISILLiquid,2023-11-17,2626.48
CRISILLiquid,2023-11-20,2623.57
CRISILLiquid,2023-11-21,2628.87
CRISILLiquid,2023-11-22,2631.71
CRISILLiquid,2023-11-23,2631.97
CRISILLiquid,2023-11-24,2630.84
CRISILLiquid,2023-11-27,2628.06
CRISILLiquid,2023-11-28,2625.48
CRISILLiquid,2023-11-29,2624.32
CRISILLiquid,2023-11-30,2627.26
CRISILLiquid,2023-12-01,2629.88
CRISILLiquid,2023-12-04,2629.61
CRISILLiquid,2023-12-05,2627.53
CRISILLiquid,2023-12-06,2625.83
CRISILLiquid,2023-12-07,2626.14
CRISILLiquid,2023-12-08,2625.96
CRISILLiquid,2023-12-11,2624.84
CRISILLiquid,2023-12-12,2624.72
CRISILLiquid,2023-12-13,2628.21
CRISILLiquid,2023-12-14,2629.21
CRISILLiquid,2023-12-15,2630.08
CRISILLiquid,2023-12-18,2637.22
CRISILLiquid,2023-12-19,2636.94
CRISILLiquid,2023-12-20,2641.86
CRISILLiquid,2023-12-21,2644.6
CRISILLiquid,2023-12-22,2645.75
CRISILLiquid,2023-12-25,2644.22
CRISILLiquid,2023-12-26,2647.61
CRISILLiquid,2023-12-27,2647.36
CRISILLiquid,2023-12-28,2645.13
CRISILLiquid,2023-12-29,2644.98
CRISILLiquid,2024-01-01,2650.11
CRISILLiquid,2024-01-02,2649.56
CRISILLiquid,2024-01-03,2650.46
CRISILLiquid,2024-01-04,2650.54
CRISILLiquid,2024-01-05,2650.22
CRISILLiquid,2024-01-08,2656.31
CRISILLiquid,2024-01-09,2659.67
CRISILLiquid,2024-01-10,2664.16
CRISILLiquid,2024-01-11,2666.98
CRISILLiquid,2024-01-12,2663.22
CRISILLiquid,2024-01-15,2661.79
CRISILLiquid,2024-01-16,2662.32
CRISILLiquid,2024-01-17,2663.08
CRISILLiquid,2024-01-18,2665.25
CRISILLiquid,2024-01-19,2664.85
CRISILLiquid,2024-01-22,2662.96
CRISILLiquid,2024-01-23,2662.38
CRISILLiquid,2024-01-24,2667.26
CRISILLiquid,2024-01-25,2674.11
CRISILLiquid,2024-01-26,2678.68
CRISILLiquid,2024-01-29,2672.24
CRISILLiquid,2024-01-30,2669.09
CRISILLiquid,2024-01-31,2669.56
CRISILLiquid,2024-02-01,2667.5
CRISILLiquid,2024-02-02,2668.56
CRISILLiquid,2024-02-05,2665.35
CRISILLiquid,2024-02-06,2667.67
CRISILLiquid,2024-02-07,2665.35
CRISILLiquid,2024-02-08,2666.51
CRISILLiquid,2024-02-09,2672.92
CRISILLiquid,2024-02-12,2673.39
CRISILLiquid,2024-02-13,2674.81
CRISILLiquid,2024-02-14,2671.98
CRISILLiquid,2024-02-15,2674.08
CRISILLiquid,2024-02-16,2678.58
CRISILLiquid,2024-02-19,2679.07
CRISILLiquid,2024-02-20,2678.61
CRISILLiquid,2024-02-21,2673.17
CRISILLiquid,2024-02-22,2673.75
CRISILLiquid,2024-02-23,2674.23
CRISILLiquid,2024-02-26,2672.99
CRISILLiquid,2024-02-27,2674.44
CRISILLiquid,2024-02-28,2670.39
CRISILLiquid,2024-02-29,2675.47
CRISILLiquid,2024-03-01,2675.67
CRISILLiquid,2024-03-04,2679.84
CRISILLiquid,2024-03-05,2680.32
CRISILLiquid,2024-03-06,2683.19
CRISILLiquid,2024-03-07,2684.95
CRISILLiquid,2024-03-08,2688.89
CRISILLiquid,2024-03-11,2686.39
CRISILLiquid,2024-03-12,2686.05
CRISILLiquid,2024-03-13,2687.78
CRISILLiquid,2024-03-14,2686.82
CRISILLiquid,2024-03-15,2688.21
CRISILLiquid,2024-03-18,2687.49
CRISILLiquid,2024-03-19,2688.59
CRISILLiquid,2024-03-20,2692.55
CRISILLiquid,2024-03-21,2694.19
CRISILLiquid,2024-03-22,2697.72
CRISILLiquid,2024-03-25,2696.65
CRISILLiquid,2024-03-26,2697.87
CRISILLiquid,2024-03-27,2701.98
CRISILLiquid,2024-03-28,2704.56
CRISILLiquid,2024-03-29,2705.09
CRISILLiquid,2024-04-01,2706.03
CRISILLiquid,2024-04-02,2708.2
CRISILLiquid,2024-04-03,2706.37
CRISILLiquid,2024-04-04,2708.21
CRISILLiquid,2024-04-05,2707.61
CRISILLiquid,2024-04-08,2710.9
CRISILLiquid,2024-04-09,2712.76
CRISILLiquid,2024-04-10,2713.3
CRISILLiquid,2024-04-11,2712.25
CRISILLiquid,2024-04-12,2713.93
CRISILLiquid,2024-04-15,2715.98
CRISILLiquid,2024-04-16,2718.34
CRISILLiquid,2024-04-17,2719.38
CRISILLiquid,2024-04-18,2720.31
CRISILLiquid,2024-04-19,2720.58
CRISILLiquid,2024-04-22,2717.0
CRISILLiquid,2024-04-23,2719.05
CRISILLiquid,2024-04-24,2719.9
CRISILLiquid,2024-04-25,2720.84
CRISILLiquid,2024-04-26,2720.07
CRISILLiquid,2024-04-29,2720.7
CRISILLiquid,2024-04-30,2718.74
CRISILLiquid,2024-05-01,2718.28
CRISILLiquid,2024-05-02,2716.59
CRISILLiquid,2024-05-03,2717.83
CRISILLiquid,2024-05-06,2722.95
CRISILLiquid,2024-05-07,2722.47
CRISILLiquid,2024-05-08,2724.8
CRISILLiquid,2024-05-09,2718.97
CRISILLiquid,2024-05-10,2721.99
CRISILLiquid,2024-05-13,2722.42
CRISILLiquid,2024-05-14,2725.87
CRISILLiquid,2024-05-15,2729.27
CRISILLiquid,2024-05-16,2726.35
CRISILLiquid,2024-05-17,2728.64
CRISILLiquid,2024-05-20,2728.89
CRISILLiquid,2024-05-21,2730.95
CRISILLiquid,2024-05-22,2734.25
CRISILLiquid,2024-05-23,2736.07
CRISILLiquid,2024-05-24,2739.2
CRISILLiquid,2024-05-27,2737.28
CRISILLiquid,2024-05-28,2739.9
CRISILLiquid,2024-05-29,2744.24
CRISILLiquid,2024-05-30,2745.05
CRISILLiquid,2024-05-31,2744.46
CRISILLiquid,2024-06-03,2741.75
CRISILLiquid,2024-06-04,2740.69
CRISILLiquid,2024-06-05,2747.64
CRISILLiquid,2024-06-06,2749.8
CRISILLiquid,2024-06-07,2747.36
CRISILLiquid,2024-06-10,2744.82
CRISILLiquid,2024-06-11,2748.57
CRISILLiquid,2024-06-12,2744.71
CRISILLiquid,2024-06-13,2747.06
CRISILLiquid,2024-06-14,2740.42
CRISILLiquid,2024-06-17,2740.07
CRISILLiquid,2024-06-18,2742.22
CRISILLiquid,2024-06-19,2742.0
CRISILLiquid,2024-06-20,2745.35
CRISILLiquid,2024-06-21,2748.56
CRISILLiquid,2024-06-24,2749.79
CRISILLiquid,2024-06-25,2751.48
CRISILLiquid,2024-06-26,2748.64
CRISILLiquid,2024-06-27,2748.71
CRISILLiquid,2024-06-28,2751.54
CRISILLiquid,2024-07-01,2751.18
CRISILLiquid,2024-07-02,2750.42
CRISILLiquid,2024-07-03,2749.37
CRISILLiquid,2024-07-04,2751.85
CRISILLiquid,2024-07-05,2758.23
CRISILLiquid,2024-07-08,2757.01
CRISILLiquid,2024-07-09,2752.03
CRISILLiquid,2024-07-10,2751.94
CRISILLiquid,2024-07-11,2752.46
CRISILLiquid,2024-07-12,2751.13
CRISILLiquid,2024-07-15,2745.59
CRISILLiquid,2024-07-16,2746.29
CRISILLiquid,2024-07-17,2748.25
CRISILLiquid,2024-07-18,2751.96
CRISILLiquid,2024-07-19,2750.83
CRISILLiquid,2024-07-22,2750.43
CRISILLiquid,2024-07-23,2750.74
CRISILLiquid,2024-07-24,2750.13
CRISILLiquid,2024-07-25,2750.41
CRISILLiquid,2024-07-26,2749.79
CRISILLiquid,2024-07-29,2750.84
CRISILLiquid,2024-07-30,2752.09
CRISILLiquid,2024-07-31,2754.23
CRISILLiquid,2024-08-01,2747.2
CRISILLiquid,2024-08-02,2752.28
CRISILLiquid,2024-08-05,2756.06
CRISILLiquid,2024-08-06,2754.67
CRISILLiquid,2024-08-07,2756.0
CRISILLiquid,2024-08-08,2757.89
CRISILLiquid,2024-08-09,2760.01
CRISILLiquid,2024-08-12,2762.24
CRISILLiquid,2024-08-13,2759.49
CRISILLiquid,2024-08-14,2757.4
CRISILLiquid,2024-08-15,2753.33
CRISILLiquid,2024-08-16,2753.46
CRISILLiquid,2024-08-19,2754.19
CRISILLiquid,2024-08-20,2757.74
CRISILLiquid,2024-08-21,2756.94
CRISILLiquid,2024-08-22,2757.01
CRISILLiquid,2024-08-23,2758.66
CRISILLiquid,2024-08-26,2758.1
CRISILLiquid,2024-08-27,2761.13
CRISILLiquid,2024-08-28,2765.38
CRISILLiquid,2024-08-29,2766.23
CRISILLiquid,2024-08-30,2768.06
CRISILLiquid,2024-09-02,2768.2
CRISILLiquid,2024-09-03,2765.86
CRISILLiquid,2024-09-04,2771.72
CRISILLiquid,2024-09-05,2777.16
CRISILLiquid,2024-09-06,2773.68
CRISILLiquid,2024-09-09,2776.31
CRISILLiquid,2024-09-10,2780.82
CRISILLiquid,2024-09-11,2779.6
CRISILLiquid,2024-09-12,2776.11
CRISILLiquid,2024-09-13,2773.86
CRISILLiquid,2024-09-16,2780.99
CRISILLiquid,2024-09-17,2782.96
CRISILLiquid,2024-09-18,2788.18
CRISILLiquid,2024-09-19,2785.48
CRISILLiquid,2024-09-20,2782.63
CRISILLiquid,2024-09-23,2780.76
CRISILLiquid,2024-09-24,2779.15
CRISILLiquid,2024-09-25,2781.25
CRISILLiquid,2024-09-26,2780.97
CRISILLiquid,2024-09-27,2776.88
CRISILLiquid,2024-09-30,2773.64
CRISILLiquid,2024-10-01,2777.4
CRISILLiquid,2024-10-02,2781.37
CRISILLiquid,2024-10-03,2784.67
CRISILLiquid,2024-10-04,2784.69
CRISILLiquid,2024-10-07,2788.01
CRISILLiquid,2024-10-08,2789.64
CRISILLiquid,2024-10-09,2796.94
CRISILLiquid,2024-10-10,2796.73
CRISILLiquid,2024-10-11,2798.58
CRISILLiquid,2024-10-14,2798.28
CRISILLiquid,2024-10-15,2799.82
CRISILLiquid,2024-10-16,2802.3
CRISILLiquid,2024-10-17,2802.66
CRISILLiquid,2024-10-18,2807.29
CRISILLiquid,2024-10-21,2805.48
CRISILLiquid,2024-10-22,2802.86
CRISILLiquid,2024-10-23,2801.08
CRISILLiquid,2024-10-24,2804.72
CRISILLiquid,2024-10-25,2804.57
CRISILLiquid,2024-10-28,2800.93
CRISILLiquid,2024-10-29,2800.1
CRISILLiquid,2024-10-30,2801.3
CRISILLiquid,2024-10-31,2806.52
CRISILLiquid,2024-11-01,2804.37
CRISILLiquid,2024-11-04,2801.91
CRISILLiquid,2024-11-05,2804.39
CRISILLiquid,2024-11-06,2801.75
CRISILLiquid,2024-11-07,2797.61
CRISILLiquid,2024-11-08,2800.75
CRISILLiquid,2024-11-11,2806.18
CRISILLiquid,2024-11-12,2804.94
CRISILLiquid,2024-11-13,2803.56
CRISILLiquid,2024-11-14,2803.81
CRISILLiquid,2024-11-15,2806.67
CRISILLiquid,2024-11-18,2810.2
CRISILLiquid,2024-11-19,2808.63
CRISILLiquid,2024-11-20,2811.67
CRISILLiquid,2024-11-21,2808.5
CRISILLiquid,2024-11-22,2808.22
CRISILLiquid,2024-11-25,2809.3
CRISILLiquid,2024-11-26,2809.32
CRISILLiquid,2024-11-27,2809.55
CRISILLiquid,2024-11-28,2813.66
CRISILLiquid,2024-11-29,2811.04
CRISILLiquid,2024-12-02,2809.27
CRISILLiquid,2024-12-03,2810.35
CRISILLiquid,2024-12-04,2814.43
CRISILLiquid,2024-12-05,2810.91
CRISILLiquid,2024-12-06,2813.06
CRISILLiquid,2024-12-09,2814.75
CRISILLiquid,2024-12-10,2819.49
CRISILLiquid,2024-12-11,2819.27
CRISILLiquid,2024-12-12,2823.48
CRISILLiquid,2024-12-13,2828.63
CRISILLiquid,2024-12-16,2832.36
CRISILLiquid,2024-12-17,2833.79
CRISILLiquid,2024-12-18,2837.3
CRISILLiquid,2024-12-19,2840.74
CRISILLiquid,2024-12-20,2840.28
CRISILLiquid,2024-12-23,2843.58
CRISILLiquid,2024-12-24,2847.63
CRISILLiquid,2024-12-25,2848.16
CRISILLiquid,2024-12-26,2850.43
CRISILLiquid,2024-12-27,2857.6
CRISILLiquid,2024-12-30,2858.88
CRISILLiquid,2024-12-31,2859.71
CRISILLiquid,2025-01-01,2860.56
CRISILLiquid,2025-01-02,2858.12
CRISILLiquid,2025-01-03,2862.85
CRISILLiquid,2025-01-06,2864.11
CRISILLiquid,2025-01-07,2864.9
CRISILLiquid,2025-01-08,2865.47
CRISILLiquid,2025-01-09,2862.31
CRISILLiquid,2025-01-10,2866.86
CRISILLiquid,2025-01-13,2866.35
CRISILLiquid,2025-01-14,2868.17
CRISILLiquid,2025-01-15,2868.54
CRISILLiquid,2025-01-16,2872.82
CRISILLiquid,2025-01-17,2873.69
CRISILLiquid,2025-01-20,2872.75
CRISILLiquid,2025-01-21,2869.15
CRISILLiquid,2025-01-22,2868.33
CRISILLiquid,2025-01-23,2869.02
CRISILLiquid,2025-01-24,2867.43
CRISILLiquid,2025-01-27,2871.51
CRISILLiquid,2025-01-28,2874.37
CRISILLiquid,2025-01-29,2877.78
CRISILLiquid,2025-01-30,2880.09
CRISILLiquid,2025-01-31,2884.7
CRISILLiquid,2025-02-03,2887.18
CRISILLiquid,2025-02-04,2887.38
CRISILLiquid,2025-02-05,2882.55
CRISILLiquid,2025-02-06,2886.94
CRISILLiquid,2025-02-07,2887.96
CRISILLiquid,2025-02-10,2888.98
CRISILLiquid,2025-02-11,2892.72
CRISILLiquid,2025-02-12,2892.67
CRISILLiquid,2025-02-13,2890.86
CRISILLiquid,2025-02-14,2887.03
CRISILLiquid,2025-02-17,2892.33
CRISILLiquid,2025-02-18,2896.72
CRISILLiquid,2025-02-19,2897.78
CRISILLiquid,2025-02-20,2897.94
CRISILLiquid,2025-02-21,2899.56
CRISILLiquid,2025-02-24,2894.67
CRISILLiquid,2025-02-25,2897.55
CRISILLiquid,2025-02-26,2897.21
CRISILLiquid,2025-02-27,2899.82
CRISILLiquid,2025-02-28,2898.18
CRISILLiquid,2025-03-03,2897.58
CRISILLiquid,2025-03-04,2898.54
CRISILLiquid,2025-03-05,2897.11
CRISILLiquid,2025-03-06,2898.91
CRISILLiquid,2025-03-07,2901.0
CRISILLiquid,2025-03-10,2902.15
CRISILLiquid,2025-03-11,2904.82
CRISILLiquid,2025-03-12,2906.83
CRISILLiquid,2025-03-13,2905.36
CRISILLiquid,2025-03-14,2909.97
CRISILLiquid,2025-03-17,2912.86
CRISILLiquid,2025-03-18,2912.13
CRISILLiquid,2025-03-19,2915.01
CRISILLiquid,2025-03-20,2911.0
CRISILLiquid,2025-03-21,2913.76
CRISILLiquid,2025-03-24,2915.92
CRISILLiquid,2025-03-25,2912.91
CRISILLiquid,2025-03-26,2915.54
CRISILLiquid,2025-03-27,2915.49
CRISILLiquid,2025-03-28,2916.47
CRISILLiquid,2025-03-31,2919.05
CRISILLiquid,2025-04-01,2916.11
CRISILLiquid,2025-04-02,2915.42
CRISILLiquid,2025-04-03,2912.8
CRISILLiquid,2025-04-04,2917.07
CRISILLiquid,2025-04-07,2915.17
CRISILLiquid,2025-04-08,2914.76
CRISILLiquid,2025-04-09,2916.42
CRISILLiquid,2025-04-10,2911.46
CRISILLiquid,2025-04-11,2914.87
CRISILLiquid,2025-04-14,2913.88
CRISILLiquid,2025-04-15,2916.3
CRISILLiquid,2025-04-16,2921.2
CRISILLiquid,2025-04-17,2918.01
CRISILLiquid,2025-04-18,2922.48
CRISILLiquid,2025-04-21,2925.62
CRISILLiquid,2025-04-22,2920.13
CRISILLiquid,2025-04-23,2921.3
CRISILLiquid,2025-04-24,2923.94
CRISILLiquid,2025-04-25,2924.27
CRISILLiquid,2025-04-28,2930.7
CRISILLiquid,2025-04-29,2930.42
CRISILLiquid,2025-04-30,2929.95
CRISILLiquid,2025-05-01,2928.24
CRISILLiquid,2025-05-02,2925.13
CRISILLiquid,2025-05-05,2925.31
CRISILLiquid,2025-05-06,2926.06
CRISILLiquid,2025-05-07,2928.23
CRISILLiquid,2025-05-08,2927.52
CRISILLiquid,2025-05-09,2928.92
CRISILLiquid,2025-05-12,2929.52
CRISILLiquid,2025-05-13,2931.12
CRISILLiquid,2025-05-14,2931.08
CRISILLiquid,2025-05-15,2928.93
CRISILLiquid,2025-05-16,2926.91
CRISILLiquid,2025-05-19,2928.83
CRISILLiquid,2025-05-20,2928.38
CRISILLiquid,2025-05-21,2929.63
CRISILLiquid,2025-05-22,2930.09
CRISILLiquid,2025-05-23,2928.88
CRISILLiquid,2025-05-26,2928.31
CRISILLiquid,2025-05-27,2930.16
CRISILLiquid,2025-05-28,2926.84
CRISILLiquid,2025-05-29,2930.68
CRISILLiquid,2025-05-30,2932.14
CRISILLiquid,2025-06-02,2934.76
CRISILLiquid,2025-06-03,2935.89
CRISILLiquid,2025-06-04,2938.56
CRISILLiquid,2025-06-05,2937.75
CRISILLiquid,2025-06-06,2938.73
CRISILLiquid,2025-06-09,2933.38
CRISILLiquid,2025-06-10,2936.06
CRISILLiquid,2025-06-11,2937.24
CRISILLiquid,2025-06-12,2937.15
CRISILLiquid,2025-06-13,2942.43
CRISILLiquid,2025-06-16,2944.49
CRISILLiquid,2025-06-17,2953.58
CRISILLiquid,2025-06-18,2957.89
CRISILLiquid,2025-06-19,2957.06
CRISILLiquid,2025-06-20,2961.62
CRISILLiquid,2025-06-23,2962.27
CRISILLiquid,2025-06-24,2963.0
CRISILLiquid,2025-06-25,2967.15
CRISILLiquid,2025-06-26,2968.64
CRISILLiquid,2025-06-27,2964.55
CRISILLiquid,2025-06-30,2966.54
CRISILLiquid,2025-07-01,2965.25
CRISILLiquid,2025-07-02,2963.63
CRISILLiquid,2025-07-03,2965.87
CRISILLiquid,2025-07-04,2962.01
CRISILLiquid,2025-07-07,2955.78
CRISILLiquid,2025-07-08,2957.47
CRISILLiquid,2025-07-09,2964.94
CRISILLiquid,2025-07-10,2961.57
CRISILLiquid,2025-07-11,2962.17
CRISILLiquid,2025-07-14,2967.66
CRISILLiquid,2025-07-15,2966.98
CRISILLiquid,2025-07-16,2965.59
CRISILLiquid,2025-07-17,2963.78
CRISILLiquid,2025-07-18,2964.87
CRISILLiquid,2025-07-21,2966.39
CRISILLiquid,2025-07-22,2966.16
CRISILLiquid,2025-07-23,2967.93
CRISILLiquid,2025-07-24,2967.98
CRISILLiquid,2025-07-25,2970.31
CRISILLiquid,2025-07-28,2971.45
CRISILLiquid,2025-07-29,2976.27
CRISILLiquid,2025-07-30,2974.37
CRISILLiquid,2025-07-31,2976.06
CRISILLiquid,2025-08-01,2975.35
CRISILLiquid,2025-08-04,2976.72
CRISILLiquid,2025-08-05,2974.24
CRISILLiquid,2025-08-06,2975.47
CRISILLiquid,2025-08-07,2975.92
CRISILLiquid,2025-08-08,2974.58
CRISILLiquid,2025-08-11,2977.38
CRISILLiquid,2025-08-12,2976.41
CRISILLiquid,2025-08-13,2972.62
CRISILLiquid,2025-08-14,2969.52
CRISILLiquid,2025-08-15,2964.56
CRISILLiquid,2025-08-18,2956.43
CRISILLiquid,2025-08-19,2960.48
CRISILLiquid,2025-08-20,2957.85
CRISILLiquid,2025-08-21,2963.16
CRISILLiquid,2025-08-22,2966.2
CRISILLiquid,2025-08-25,2966.36
CRISILLiquid,2025-08-26,2964.75
CRISILLiquid,2025-08-27,2962.52
CRISILLiquid,2025-08-28,2960.3
CRISILLiquid,2025-08-29,2964.08
CRISILLiquid,2025-09-01,2963.3
CRISILLiquid,2025-09-02,2970.47
CRISILLiquid,2025-09-03,2968.73
CRISILLiquid,2025-09-04,2968.92
CRISILLiquid,2025-09-05,2968.06
CRISILLiquid,2025-09-08,2965.37
CRISILLiquid,2025-09-09,2968.08
CRISILLiquid,2025-09-10,2969.0
CRISILLiquid,2025-09-11,2970.34
CRISILLiquid,2025-09-12,2968.05
CRISILLiquid,2025-09-15,2970.88
CRISILLiquid,2025-09-16,2968.63
CRISILLiquid,2025-09-17,2972.8
CRISILLiquid,2025-09-18,2973.09
CRISILLiquid,2025-09-19,2973.15
CRISILLiquid,2025-09-22,2972.82
CRISILLiquid,2025-09-23,2973.63
CRISILLiquid,2025-09-24,2976.5
CRISILLiquid,2025-09-25,2972.34
CRISILLiquid,2025-09-26,2971.15
CRISILLiquid,2025-09-29,2973.66
CRISILLiquid,2025-09-30,2970.97
CRISILLiquid,2025-10-01,2971.45
CRISILLiquid,2025-10-02,2968.9
CRISILLiquid,2025-10-03,2972.05
CRISILLiquid,2025-10-06,2975.19
CRISILLiquid,2025-10-07,2972.55
CRISILLiquid,2025-10-08,2974.66
CRISILLiquid,2025-10-09,2981.63
CRISILLiquid,2025-10-10,2983.88
CRISILLiquid,2025-10-13,2985.54
CRISILLiquid,2025-10-14,2982.77
CRISILLiquid,2025-10-15,2984.98
CRISILLiquid,2025-10-16,2987.41
CRISILLiquid,2025-10-17,2981.96
CRISILLiquid,2025-10-20,2981.07
CRISILLiquid,2025-10-21,2983.11
CRISILLiquid,2025-10-22,2984.68
CRISILLiquid,2025-10-23,2992.45
CRISILLiquid,2025-10-24,2996.18
CRISILLiquid,2025-10-27,3000.0
CRISILLiquid,2025-10-28,3000.32
CRISILLiquid,2025-10-29,3005.19
CRISILLiquid,2025-10-30,3008.25
CRISILLiquid,2025-10-31,3010.08
CRISILLiquid,2025-11-03,3007.91
CRISILLiquid,2025-11-04,3011.73
CRISILLiquid,2025-11-05,3011.55
CRISILLiquid,2025-11-06,3008.89
CRISILLiquid,2025-11-07,3007.39
CRISILLiquid,2025-11-10,3011.79
CRISILLiquid,2025-11-11,3013.0
CRISILLiquid,2025-11-12,3014.78
CRISILLiquid,2025-11-13,3018.83
CRISILLiquid,2025-11-14,3019.33
CRISILLiquid,2025-11-17,3022.7
CRISILLiquid,2025-11-18,3020.65
CRISILLiquid,2025-11-19,3019.5
CRISILLiquid,2025-11-20,3021.65
CRISILLiquid,2025-11-21,3023.19
CRISILLiquid,2025-11-24,3030.85
CRISILLiquid,2025-11-25,3031.56
CRISILLiquid,2025-11-26,3035.97
CRISILLiquid,2025-11-27,3036.12
CRISILLiquid,2025-11-28,3034.77
CRISILLiquid,2025-12-01,3034.23
CRISILLiquid,2025-12-02,3037.83
CRISILLiquid,2025-12-03,3044.12
CRISILLiquid,2025-12-04,3045.33
CRISILLiquid,2025-12-05,3040.31
CRISILLiquid,2025-12-08,3038.73
CRISILLiquid,2025-12-09,3037.65
CRISILLiquid,2025-12-10,3039.6
CRISILLiquid,2025-12-11,3036.38
CRISILLiquid,2025-12-12,3039.12
CRISILLiquid,2025-12-15,3039.98
CRISILLiquid,2025-12-16,3042.89
CRISILLiquid,2025-12-17,3037.37
CRISILLiquid,2025-12-18,3038.01
CRISILLiquid,2025-12-19,3038.01
CRISILLiquid,2025-12-22,3038.42
CRISILLiquid,2025-12-23,3041.65
CRISILLiquid,2025-12-24,3038.8
CRISILLiquid,2025-12-25,3038.66
CRISILLiquid,2025-12-26,3038.85
CRISILLiquid,2025-12-29,3035.62
CRISILLiquid,2025-12-30,3043.71
CRISILLiquid,2025-12-31,3041.77
CRISILLiquid,2026-01-01,3047.83
CRISILLiquid,2026-01-02,3050.18
CRISILLiquid,2026-01-05,3049.22
CRISILLiquid,2026-01-06,3052.57
CRISILLiquid,2026-01-07,3055.01
CRISILLiquid,2026-01-08,3059.31
CRISILLiquid,2026-01-09,3061.97
CRISILLiquid,2026-01-12,3067.39
CRISILLiquid,2026-01-13,3065.45
CRISILLiquid,2026-01-14,3070.51
CRISILLiquid,2026-01-15,3074.71
CRISILLiquid,2026-01-16,3074.82
CRISILLiquid,2026-01-19,3076.72
CRISILLiquid,2026-01-20,3081.06
CRISILLiquid,2026-01-21,3083.06
CRISILLiquid,2026-01-22,3083.47
CRISILLiquid,2026-01-23,3082.15
CRISILLiquid,2026-01-26,3084.27
CRISILLiquid,2026-01-27,3083.95
CRISILLiquid,2026-01-28,3088.57
CRISILLiquid,2026-01-29,3086.1
CRISILLiquid,2026-01-30,3085.42
CRISILLiquid,2026-02-02,3084.45
CRISILLiquid,2026-02-03,3082.15
CRISILLiquid,2026-02-04,3079.5
CRISILLiquid,2026-02-05,3077.18
CRISILLiquid,2026-02-06,3078.12
CRISILLiquid,2026-02-09,3083.89
CRISILLiquid,2026-02-10,3089.1
CRISILLiquid,2026-02-11,3085.18
CRISILLiquid,2026-02-12,3087.45
CRISILLiquid,2026-02-13,3087.14
CRISILLiquid,2026-02-16,3087.39
CRISILLiquid,2026-02-17,3086.02
CRISILLiquid,2026-02-18,3083.35
CRISILLiquid,2026-02-19,3084.24
CRISILLiquid,2026-02-20,3093.0
CRISILLiquid,2026-02-23,3098.13
CRISILLiquid,2026-02-24,3098.19
CRISILLiquid,2026-02-25,3093.45
CRISILLiquid,2026-02-26,3089.39
CRISILLiquid,2026-02-27,3089.38
CRISILLiquid,2026-03-02,3089.72
CRISILLiquid,2026-03-03,3094.21
CRISILLiquid,2026-03-04,3096.38
CRISILLiquid,2026-03-05,3094.57
CRISILLiquid,2026-03-06,3097.99
CRISILLiquid,2026-03-09,3101.07
CRISILLiquid,2026-03-10,3103.04
CRISILLiquid,2026-03-11,3100.53
CRISILLiquid,2026-03-12,3103.0
CRISILLiquid,2026-03-13,3104.75
CRISILLiquid,2026-03-16,3108.6
CRISILLiquid,2026-03-17,3110.06
CRISILLiquid,2026-03-18,3112.12
CRISILLiquid,2026-03-19,3119.04
CRISILLiquid,2026-03-20,3123.98
CRISILLiquid,2026-03-23,3125.38
CRISILLiquid,2026-03-24,3122.69
CRISILLiquid,2026-03-25,3126.41
CRISILLiquid,2026-03-26,3126.29
CRISILLiquid,2026-03-27,3125.39
CRISILLiquid,2026-03-30,3126.76
CRISILLiquid,2026-03-31,3126.78
CRISILLiquid,2026-04-01,3123.42
CRISILLiquid,2026-04-02,3124.18
CRISILLiquid,2026-04-03,3121.99
CRISILLiquid,2026-04-06,3127.94
CRISILLiquid,2026-04-07,3128.29
CRISILLiquid,2026-04-08,3124.07
CRISILLiquid,2026-04-09,3124.83
CRISILLiquid,2026-04-10,3120.89
CRISILLiquid,2026-04-13,3113.38
CRISILLiquid,2026-04-14,3120.23
CRISILLiquid,2026-04-15,3119.94
CRISILLiquid,2026-04-16,3124.41
CRISILLiquid,2026-04-17,3125.85
CRISILLiquid,2026-04-20,3122.54
CRISILLiquid,2026-04-21,3123.98
CRISILLiquid,2026-04-22,3122.2
CRISILLiquid,2026-04-23,3126.23
CRISILLiquid,2026-04-24,3127.72
CRISILLiquid,2026-04-27,3128.25
CRISILLiquid,2026-04-28,3126.29
CRISILLiquid,2026-04-29,3128.14
CRISILLiquid,2026-04-30,3125.36
CRISILLiquid,2026-05-01,3132.98
CRISILLiquid,2026-05-04,3130.88
CRISILLiquid,2026-05-05,3133.32
CRISILLiquid,2026-05-06,3136.61
CRISILLiquid,2026-05-07,3135.32
CRISILLiquid,2026-05-08,3134.27
CRISILLiquid,2026-05-11,3133.37
CRISILLiquid,2026-05-12,3133.9
CRISILLiquid,2026-05-13,3136.05
CRISILLiquid,2026-05-14,3131.9
CRISILLiquid,2026-05-15,3135.69
CRISILLiquid,2026-05-18,3133.5
CRISILLiquid,2026-05-19,3133.07
CRISILLiquid,2026-05-20,3131.78
CRISILLiquid,2026-05-21,3134.95
CRISILLiquid,2026-05-22,3134.03
CRISILLiquid,2026-05-25,3131.95
CRISILLiquid,2026-05-26,3135.36
CRISILLiquid,2026-05-27,3133.58
CRISILLiquid,2026-05-28,3131.25
CRISILLiquid,2026-05-29,3127.81
CRISILGilt,2022-01-03,2211.11
CRISILGilt,2022-01-04,2216.71
CRISILGilt,2022-01-05,2196.9
CRISILGilt,2022-01-06,2182.85
CRISILGilt,2022-01-07,2187.34
CRISILGilt,2022-01-10,2173.45
CRISILGilt,2022-01-11,2180.09
CRISILGilt,2022-01-12,2191.66
CRISILGilt,2022-01-13,2197.01
CRISILGilt,2022-01-14,2205.46
CRISILGilt,2022-01-17,2201.73
CRISILGilt,2022-01-18,2221.87
CRISILGilt,2022-01-19,2225.51
CRISILGilt,2022-01-20,2221.73
CRISILGilt,2022-01-21,2218.34
CRISILGilt,2022-01-24,2226.4
CRISILGilt,2022-01-25,2224.43
CRISILGilt,2022-01-26,2228.95
CRISILGilt,2022-01-27,2228.94
CRISILGilt,2022-01-28,2242.11
CRISILGilt,2022-01-31,2229.79
CRISILGilt,2022-02-01,2231.25
CRISILGilt,2022-02-02,2240.75
CRISILGilt,2022-02-03,2239.37
CRISILGilt,2022-02-04,2257.23
CRISILGilt,2022-02-07,2264.73
CRISILGilt,2022-02-08,2274.62
CRISILGilt,2022-02-09,2269.68
CRISILGilt,2022-02-10,2269.91
CRISILGilt,2022-02-11,2268.18
CRISILGilt,2022-02-14,2265.82
CRISILGilt,2022-02-15,2273.03
CRISILGilt,2022-02-16,2290.26
CRISILGilt,2022-02-17,2286.72
CRISILGilt,2022-02-18,2297.69
CRISILGilt,2022-02-21,2288.83
CRISILGilt,2022-02-22,2294.91
CRISILGilt,2022-02-23,2284.36
CRISILGilt,2022-02-24,2288.77
CRISILGilt,2022-02-25,2303.87
CRISILGilt,2022-02-28,2329.8
CRISILGilt,2022-03-01,2342.78
CRISILGilt,2022-03-02,2350.13
CRISILGilt,2022-03-03,2347.64
CRISILGilt,2022-03-04,2350.97
CRISILGilt,2022-03-07,2365.26
CRISILGilt,2022-03-08,2381.6
CRISILGilt,2022-03-09,2365.26
CRISILGilt,2022-03-10,2379.27
CRISILGilt,2022-03-11,2374.27
CRISILGilt,2022-03-14,2384.23
CRISILGilt,2022-03-15,2395.9
CRISILGilt,2022-03-16,2397.28
CRISILGilt,2022-03-17,2392.64
CRISILGilt,2022-03-18,2380.64
CRISILGilt,2022-03-21,2389.73
CRISILGilt,2022-03-22,2398.84
CRISILGilt,2022-03-23,2390.47
CRISILGilt,2022-03-24,2397.13
CRISILGilt,2022-03-25,2398.26
CRISILGilt,2022-03-28,2404.25
CRISILGilt,2022-03-29,2397.49
CRISILGilt,2022-03-30,2415.34
CRISILGilt,2022-03-31,2427.52
CRISILGilt,2022-04-01,2434.44
CRISILGilt,2022-04-04,2435.98
CRISILGilt,2022-04-05,2425.61
CRISILGilt,2022-04-06,2441.42
CRISILGilt,2022-04-07,2411.55
CRISILGilt,2022-04-08,2409.28
CRISILGilt,2022-04-11,2408.22
CRISILGilt,2022-04-12,2396.18
CRISILGilt,2022-04-13,2404.52
CRISILGilt,2022-04-14,2399.35
CRISILGilt,2022-04-15,2421.9
CRISILGilt,2022-04-18,2400.99
CRISILGilt,2022-04-19,2411.6
CRISILGilt,2022-04-20,2395.07
CRISILGilt,2022-04-21,2391.45
CRISILGilt,2022-04-22,2395.89
CRISILGilt,2022-04-25,2397.06
CRISILGilt,2022-04-26,2394.3
CRISILGilt,2022-04-27,2401.98
CRISILGilt,2022-04-28,2409.62
CRISILGilt,2022-04-29,2417.79
CRISILGilt,2022-05-02,2430.27
CRISILGilt,2022-05-03,2414.79
CRISILGilt,2022-05-04,2408.14
CRISILGilt,2022-05-05,2421.0
CRISILGilt,2022-05-06,2437.5
CRISILGilt,2022-05-09,2416.47
CRISILGilt,2022-05-10,2430.82
CRISILGilt,2022-05-11,2438.3
CRISILGilt,2022-05-12,2451.78
CRISILGilt,2022-05-13,2471.18
CRISILGilt,2022-05-16,2475.24
CRISILGilt,2022-05-17,2488.77
CRISILGilt,2022-05-18,2477.37
CRISILGilt,2022-05-19,2476.14
CRISILGilt,2022-05-20,2482.77
CRISILGilt,2022-05-23,2496.15
CRISILGilt,2022-05-24,2497.33
CRISILGilt,2022-05-25,2473.23
CRISILGilt,2022-05-26,2484.23
CRISILGilt,2022-05-27,2452.74
CRISILGilt,2022-05-30,2466.4
CRISILGilt,2022-05-31,2471.42
CRISILGilt,2022-06-01,2488.57
CRISILGilt,2022-06-02,2504.73
CRISILGilt,2022-06-03,2494.14
CRISILGilt,2022-06-06,2502.54
CRISILGilt,2022-06-07,2508.53
CRISILGilt,2022-06-08,2515.98
CRISILGilt,2022-06-09,2513.92
CRISILGilt,2022-06-10,2514.37
CRISILGilt,2022-06-13,2515.44
CRISILGilt,2022-06-14,2522.68
CRISILGilt,2022-06-15,2519.79
CRISILGilt,2022-06-16,2549.59
CRISILGilt,2022-06-17,2552.64
CRISILGilt,2022-06-20,2567.02
CRISILGilt,2022-06-21,2571.3
CRISILGilt,2022-06-22,2555.54
CRISILGilt,2022-06-23,2567.06
CRISILGilt,2022-06-24,2567.87
CRISILGilt,2022-06-27,2580.22
CRISILGilt,2022-06-28,2577.23
CRISILGilt,2022-06-29,2588.67
CRISILGilt,2022-06-30,2595.63
CRISILGilt,2022-07-01,2620.97
CRISILGilt,2022-07-04,2615.94
CRISILGilt,2022-07-05,2613.09
CRISILGilt,2022-07-06,2626.25
CRISILGilt,2022-07-07,2618.8
CRISILGilt,2022-07-08,2633.78
CRISILGilt,2022-07-11,2635.84
CRISILGilt,2022-07-12,2632.05
CRISILGilt,2022-07-13,2637.13
CRISILGilt,2022-07-14,2653.37
CRISILGilt,2022-07-15,2653.57
CRISILGilt,2022-07-18,2675.58
CRISILGilt,2022-07-19,2680.57
CRISILGilt,2022-07-20,2684.6
CRISILGilt,2022-07-21,2690.43
CRISILGilt,2022-07-22,2681.79
CRISILGilt,2022-07-25,2719.54
CRISILGilt,2022-07-26,2726.93
CRISILGilt,2022-07-27,2698.85
CRISILGilt,2022-07-28,2704.26
CRISILGilt,2022-07-29,2707.41
CRISILGilt,2022-08-01,2717.83
CRISILGilt,2022-08-02,2728.68
CRISILGilt,2022-08-03,2704.74
CRISILGilt,2022-08-04,2700.69
CRISILGilt,2022-08-05,2725.09
CRISILGilt,2022-08-08,2728.98
CRISILGilt,2022-08-09,2764.43
CRISILGilt,2022-08-10,2765.45
CRISILGilt,2022-08-11,2771.98
CRISILGilt,2022-08-12,2757.52
CRISILGilt,2022-08-15,2774.63
CRISILGilt,2022-08-16,2758.3
CRISILGilt,2022-08-17,2776.22
CRISILGilt,2022-08-18,2768.54
CRISILGilt,2022-08-19,2749.29
CRISILGilt,2022-08-22,2758.58
CRISILGilt,2022-08-23,2756.02
CRISILGilt,2022-08-24,2754.56
CRISILGilt,2022-08-25,2765.33
CRISILGilt,2022-08-26,2777.68
CRISILGilt,2022-08-29,2782.47
CRISILGilt,2022-08-30,2758.44
CRISILGilt,2022-08-31,2769.24
CRISILGilt,2022-09-01,2769.58
CRISILGilt,2022-09-02,2756.02
CRISILGilt,2022-09-05,2758.25
CRISILGilt,2022-09-06,2765.73
CRISILGilt,2022-09-07,2782.36
CRISILGilt,2022-09-08,2786.89
CRISILGilt,2022-09-09,2794.94
CRISILGilt,2022-09-12,2781.76
CRISILGilt,2022-09-13,2801.88
CRISILGilt,2022-09-14,2823.52
CRISILGilt,2022-09-15,2830.35
CRISILGilt,2022-09-16,2849.57
CRISILGilt,2022-09-19,2851.42
CRISILGilt,2022-09-20,2863.78
CRISILGilt,2022-09-21,2868.7
CRISILGilt,2022-09-22,2845.53
CRISILGilt,2022-09-23,2830.8
CRISILGilt,2022-09-26,2843.74
CRISILGilt,2022-09-27,2846.83
CRISILGilt,2022-09-28,2850.97
CRISILGilt,2022-09-29,2855.16
CRISILGilt,2022-09-30,2856.62
CRISILGilt,2022-10-03,2851.43
CRISILGilt,2022-10-04,2854.6
CRISILGilt,2022-10-05,2839.69
CRISILGilt,2022-10-06,2857.91
CRISILGilt,2022-10-07,2876.29
CRISILGilt,2022-10-10,2890.78
CRISILGilt,2022-10-11,2880.16
CRISILGilt,2022-10-12,2902.96
CRISILGilt,2022-10-13,2892.57
CRISILGilt,2022-10-14,2900.24
CRISILGilt,2022-10-17,2906.94
CRISILGilt,2022-10-18,2935.23
CRISILGilt,2022-10-19,2949.49
CRISILGilt,2022-10-20,2951.72
CRISILGilt,2022-10-21,2972.53
CRISILGilt,2022-10-24,2982.42
CRISILGilt,2022-10-25,2986.47
CRISILGilt,2022-10-26,2997.54
CRISILGilt,2022-10-27,2996.98
CRISILGilt,2022-10-28,2992.96
CRISILGilt,2022-10-31,2982.64
CRISILGilt,2022-11-01,2988.92
CRISILGilt,2022-11-02,2961.79
CRISILGilt,2022-11-03,2945.66
CRISILGilt,2022-11-04,2953.62
CRISILGilt,2022-11-07,2947.73
CRISILGilt,2022-11-08,2937.84
CRISILGilt,2022-11-09,2938.45
CRISILGilt,2022-11-10,2918.06
CRISILGilt,2022-11-11,2901.64
CRISILGilt,2022-11-14,2906.68
CRISILGilt,2022-11-15,2899.99
CRISILGilt,2022-11-16,2891.04
CRISILGilt,2022-11-17,2902.59
CRISILGilt,2022-11-18,2922.87
CRISILGilt,2022-11-21,2955.56
CRISILGilt,2022-11-22,2966.2
CRISILGilt,2022-11-23,2948.2
CRISILGilt,2022-11-24,2954.41
CRISILGilt,2022-11-25,2964.8
CRISILGilt,2022-11-28,2951.23
CRISILGilt,2022-11-29,2948.96
CRISILGilt,2022-11-30,2972.77
CRISILGilt,2022-12-01,2974.63
CRISILGilt,2022-12-02,2954.04
CRISILGilt,2022-12-05,2973.85
CRISILGilt,2022-12-06,2968.09
CRISILGilt,2022-12-07,2972.96
CRISILGilt,2022-12-08,2980.14
CRISILGilt,2022-12-09,2977.84
CRISILGilt,2022-12-12,2983.86
CRISILGilt,2022-12-13,2968.75
CRISILGilt,2022-12-14,2989.94
CRISILGilt,2022-12-15,2969.75
CRISILGilt,2022-12-16,2959.85
CRISILGilt,2022-12-19,2937.43
CRISILGilt,2022-12-20,2969.22
CRISILGilt,2022-12-21,2970.94
CRISILGilt,2022-12-22,2959.08
CRISILGilt,2022-12-23,2929.35
CRISILGilt,2022-12-26,2955.84
CRISILGilt,2022-12-27,2959.38
CRISILGilt,2022-12-28,2976.35
CRISILGilt,2022-12-29,2988.07
CRISILGilt,2022-12-30,2980.3
CRISILGilt,2023-01-02,2992.12
CRISILGilt,2023-01-03,2983.0
CRISILGilt,2023-01-04,2993.51
CRISILGilt,2023-01-05,3004.34
CRISILGilt,2023-01-06,3006.14
CRISILGilt,2023-01-09,2998.84
CRISILGilt,2023-01-10,2994.7
CRISILGilt,2023-01-11,2992.72
CRISILGilt,2023-01-12,2994.22
CRISILGilt,2023-01-13,3007.48
CRISILGilt,2023-01-16,2998.93
CRISILGilt,2023-01-17,3003.79
CRISILGilt,2023-01-18,3016.67
CRISILGilt,2023-01-19,3016.7
CRISILGilt,2023-01-20,3021.76
CRISILGilt,2023-01-23,3048.91
CRISILGilt,2023-01-24,3044.98
CRISILGilt,2023-01-25,3044.5
CRISILGilt,2023-01-26,3019.11
CRISILGilt,2023-01-27,3032.39
CRISILGilt,2023-01-30,3028.22
CRISILGilt,2023-01-31,3046.07
CRISILGilt,2023-02-01,3043.41
CRISILGilt,2023-02-02,3039.03
CRISILGilt,2023-02-03,3051.1
CRISILGilt,2023-02-06,3076.28
CRISILGilt,2023-02-07,3074.38
CRISILGilt,2023-02-08,3069.15
CRISILGilt,2023-02-09,3058.66
CRISILGilt,2023-02-10,3051.85
CRISILGilt,2023-02-13,3058.36
CRISILGilt,2023-02-14,3057.38
CRISILGilt,2023-02-15,3055.32
CRISILGilt,2023-02-16,3073.66
CRISILGilt,2023-02-17,3071.19
CRISILGilt,2023-02-20,3046.37
CRISILGilt,2023-02-21,3059.05
CRISILGilt,2023-02-22,3028.17
CRISILGilt,2023-02-23,3006.15
CRISILGilt,2023-02-24,2981.53
CRISILGilt,2023-02-27,2962.69
CRISILGilt,2023-02-28,2943.59
CRISILGilt,2023-03-01,2936.82
CRISILGilt,2023-03-02,2948.41
CRISILGilt,2023-03-03,2967.68
CRISILGilt,2023-03-06,2977.64
CRISILGilt,2023-03-07,2966.63
CRISILGilt,2023-03-08,2945.19
CRISILGilt,2023-03-09,2952.28
CRISILGilt,2023-03-10,2949.79
CRISILGilt,2023-03-13,2943.29
CRISILGilt,2023-03-14,2957.94
CRISILGilt,2023-03-15,2972.7
CRISILGilt,2023-03-16,2952.58
CRISILGilt,2023-03-17,2931.12
CRISILGilt,2023-03-20,2942.7
CRISILGilt,2023-03-21,2911.69
CRISILGilt,2023-03-22,2905.14
CRISILGilt,2023-03-23,2907.29
CRISILGilt,2023-03-24,2907.34
CRISILGilt,2023-03-27,2934.55
CRISILGilt,2023-03-28,2967.33
CRISILGilt,2023-03-29,2949.77
CRISILGilt,2023-03-30,2958.73
CRISILGilt,2023-03-31,2969.61
CRISILGilt,2023-04-03,2983.05
CRISILGilt,2023-04-04,2966.69
CRISILGilt,2023-04-05,2979.77
CRISILGilt,2023-04-06,2991.24
CRISILGilt,2023-04-07,2993.87
CRISILGilt,2023-04-10,3017.5
CRISILGilt,2023-04-11,3034.2
CRISILGilt,2023-04-12,3043.12
CRISILGilt,2023-04-13,3036.75
CRISILGilt,2023-04-14,3046.97
CRISILGilt,2023-04-17,3038.27
CRISILGilt,2023-04-18,3010.77
CRISILGilt,2023-04-19,3008.71
CRISILGilt,2023-04-20,3025.03
CRISILGilt,2023-04-21,3031.97
CRISILGilt,2023-04-24,3028.47
CRISILGilt,2023-04-25,3017.49
CRISILGilt,2023-04-26,2986.4
CRISILGilt,2023-04-27,3000.82
CRISILGilt,2023-04-28,3012.7
CRISILGilt,2023-05-01,3012.45
CRISILGilt,2023-05-02,3037.99
CRISILGilt,2023-05-03,3059.19
CRISILGilt,2023-05-04,3078.42
CRISILGilt,2023-05-05,3049.67
CRISILGilt,2023-05-08,3053.74
CRISILGilt,2023-05-09,3055.25
CRISILGilt,2023-05-10,3078.55
CRISILGilt,2023-05-11,3051.7
CRISILGilt,2023-05-12,3064.44
CRISILGilt,2023-05-15,3063.99
CRISILGilt,2023-05-16,3054.4
CRISILGilt,2023-05-17,3046.62
CRISILGilt,2023-05-18,3047.86
CRISILGilt,2023-05-19,3053.15
CRISILGilt,2023-05-22,3082.17
CRISILGilt,2023-05-23,3088.43
CRISILGilt,2023-05-24,3057.34
CRISILGilt,2023-05-25,3025.26
CRISILGilt,2023-05-26,3015.61
CRISILGilt,2023-05-29,3017.73
CRISILGilt,2023-05-30,3036.0
CRISILGilt,2023-05-31,3009.45
CRISILGilt,2023-06-01,3006.26
CRISILGilt,2023-06-02,3013.54
CRISILGilt,2023-06-05,2976.57
CRISILGilt,2023-06-06,2976.88
CRISILGilt,2023-06-07,2985.28
CRISILGilt,2023-06-08,3004.35
CRISILGilt,2023-06-09,3019.2
CRISILGilt,2023-06-12,3006.33
CRISILGilt,2023-06-13,3008.28
CRISILGilt,2023-06-14,2990.61
CRISILGilt,2023-06-15,3010.56
CRISILGilt,2023-06-16,3016.63
CRISILGilt,2023-06-19,3042.55
CRISILGilt,2023-06-20,3047.29
CRISILGilt,2023-06-21,3048.59
CRISILGilt,2023-06-22,3031.01
CRISILGilt,2023-06-23,3019.31
CRISILGilt,2023-06-26,3037.28
CRISILGilt,2023-06-27,3026.37
CRISILGilt,2023-06-28,3016.49
CRISILGilt,2023-06-29,3014.98
CRISILGilt,2023-06-30,3008.16
CRISILGilt,2023-07-03,3006.04
CRISILGilt,2023-07-04,3054.91
CRISILGilt,2023-07-05,3065.35
CRISILGilt,2023-07-06,3066.64
CRISILGilt,2023-07-07,3097.69
CRISILGilt,2023-07-10,3110.11
CRISILGilt,2023-07-11,3096.75
CRISILGilt,2023-07-12,3088.78
CRISILGilt,2023-07-13,3091.82
CRISILGilt,2023-07-14,3088.24
CRISILGilt,2023-07-17,3089.15
CRISILGilt,2023-07-18,3128.85
CRISILGilt,2023-07-19,3140.15
CRISILGilt,2023-07-20,3135.12
CRISILGilt,2023-07-21,3125.08
CRISILGilt,2023-07-24,3135.76
CRISILGilt,2023-07-25,3152.28
CRISILGilt,2023-07-26,3139.95
CRISILGilt,2023-07-27,3143.28
CRISILGilt,2023-07-28,3136.29
CRISILGilt,2023-07-31,3128.29
CRISILGilt,2023-08-01,3121.37
CRISILGilt,2023-08-02,3129.06
CRISILGilt,2023-08-03,3141.61
CRISILGilt,2023-08-04,3142.34
CRISILGilt,2023-08-07,3131.86
CRISILGilt,2023-08-08,3149.68
CRISILGilt,2023-08-09,3153.71
CRISILGilt,2023-08-10,3130.58
CRISILGilt,2023-08-11,3131.22
CRISILGilt,2023-08-14,3143.58
CRISILGilt,2023-08-15,3122.96
CRISILGilt,2023-08-16,3101.33
CRISILGilt,2023-08-17,3112.15
CRISILGilt,2023-08-18,3096.56
CRISILGilt,2023-08-21,3107.65
CRISILGilt,2023-08-22,3110.98
CRISILGilt,2023-08-23,3120.53
CRISILGilt,2023-08-24,3107.81
CRISILGilt,2023-08-25,3134.79
CRISILGilt,2023-08-28,3141.74
CRISILGilt,2023-08-29,3146.88
CRISILGilt,2023-08-30,3157.41
CRISILGilt,2023-08-31,3184.25
CRISILGilt,2023-09-01,3224.55
CRISILGilt,2023-09-04,3233.62
CRISILGilt,2023-09-05,3270.71
CRISILGilt,2023-09-06,3260.87
CRISILGilt,2023-09-07,3299.96
CRISILGilt,2023-09-08,3256.13
CRISILGilt,2023-09-11,3264.17
CRISILGilt,2023-09-12,3260.89
CRISILGilt,2023-09-13,3273.42
CRISILGilt,2023-09-14,3261.26
CRISILGilt,2023-09-15,3248.58
CRISILGilt,2023-09-18,3253.94
CRISILGilt,2023-09-19,3247.67
CRISILGilt,2023-09-20,3257.61
CRISILGilt,2023-09-21,3238.26
CRISILGilt,2023-09-22,3244.05
CRISILGilt,2023-09-25,3230.44
CRISILGilt,2023-09-26,3213.68
CRISILGilt,2023-09-27,3242.25
CRISILGilt,2023-09-28,3226.29
CRISILGilt,2023-09-29,3239.87
CRISILGilt,2023-10-02,3242.32
CRISILGilt,2023-10-03,3244.38
CRISILGilt,2023-10-04,3223.89
CRISILGilt,2023-10-05,3227.54
CRISILGilt,2023-10-06,3214.93
CRISILGilt,2023-10-09,3231.08
CRISILGilt,2023-10-10,3213.87
CRISILGilt,2023-10-11,3195.04
CRISILGilt,2023-10-12,3179.39
CRISILGilt,2023-10-13,3183.5
CRISILGilt,2023-10-16,3185.87
CRISILGilt,2023-10-17,3186.56
CRISILGilt,2023-10-18,3208.02
CRISILGilt,2023-10-19,3186.75
CRISILGilt,2023-10-20,3181.6
CRISILGilt,2023-10-23,3153.85
CRISILGilt,2023-10-24,3150.93
CRISILGilt,2023-10-25,3145.0
CRISILGilt,2023-10-26,3159.01
CRISILGilt,2023-10-27,3183.37
CRISILGilt,2023-10-30,3188.36
CRISILGilt,2023-10-31,3219.55
CRISILGilt,2023-11-01,3227.79
CRISILGilt,2023-11-02,3249.02
CRISILGilt,2023-11-03,3261.72
CRISILGilt,2023-11-06,3247.48
CRISILGilt,2023-11-07,3245.93
CRISILGilt,2023-11-08,3241.72
CRISILGilt,2023-11-09,3252.26
CRISILGilt,2023-11-10,3252.3
CRISILGilt,2023-11-13,3262.38
CRISILGilt,2023-11-14,3257.93
CRISILGilt,2023-11-15,3264.88
CRISILGilt,2023-11-16,3284.64
CRISILGilt,2023-11-17,3275.69
CRISILGilt,2023-11-20,3287.74
CRISILGilt,2023-11-21,3295.88
CRISILGilt,2023-11-22,3298.11
CRISILGilt,2023-11-23,3334.69
CRISILGilt,2023-11-24,3308.95
CRISILGilt,2023-11-27,3333.01
CRISILGilt,2023-11-28,3350.76
CRISILGilt,2023-11-29,3333.44
CRISILGilt,2023-11-30,3349.93
CRISILGilt,2023-12-01,3358.88
CRISILGilt,2023-12-04,3334.84
CRISILGilt,2023-12-05,3353.56
CRISILGilt,2023-12-06,3320.55
CRISILGilt,2023-12-07,3342.01
CRISILGilt,2023-12-08,3344.64
CRISILGilt,2023-12-11,3350.01
CRISILGilt,2023-12-12,3350.39
CRISILGilt,2023-12-13,3362.55
CRISILGilt,2023-12-14,3385.95
CRISILGilt,2023-12-15,3371.28
CRISILGilt,2023-12-18,3367.17
CRISILGilt,2023-12-19,3355.92
CRISILGilt,2023-12-20,3366.99
CRISILGilt,2023-12-21,3373.3
CRISILGilt,2023-12-22,3374.01
CRISILGilt,2023-12-25,3381.09
CRISILGilt,2023-12-26,3405.54
CRISILGilt,2023-12-27,3404.56
CRISILGilt,2023-12-28,3447.16
CRISILGilt,2023-12-29,3461.69
CRISILGilt,2024-01-01,3456.4
CRISILGilt,2024-01-02,3466.15
CRISILGilt,2024-01-03,3451.44
CRISILGilt,2024-01-04,3427.53
CRISILGilt,2024-01-05,3408.73
CRISILGilt,2024-01-08,3414.77
CRISILGilt,2024-01-09,3431.49
CRISILGilt,2024-01-10,3426.65
CRISILGilt,2024-01-11,3457.53
CRISILGilt,2024-01-12,3480.49
CRISILGilt,2024-01-15,3478.98
CRISILGilt,2024-01-16,3488.36
CRISILGilt,2024-01-17,3489.7
CRISILGilt,2024-01-18,3491.83
CRISILGilt,2024-01-19,3507.91
CRISILGilt,2024-01-22,3506.02
CRISILGilt,2024-01-23,3501.9
CRISILGilt,2024-01-24,3503.31
CRISILGilt,2024-01-25,3483.19
CRISILGilt,2024-01-26,3532.8
CRISILGilt,2024-01-29,3540.69
CRISILGilt,2024-01-30,3544.9
CRISILGilt,2024-01-31,3563.91
CRISILGilt,2024-02-01,3557.9
CRISILGilt,2024-02-02,3557.09
CRISILGilt,2024-02-05,3542.56
CRISILGilt,2024-02-06,3579.59
CRISILGilt,2024-02-07,3586.18
CRISILGilt,2024-02-08,3568.79
CRISILGilt,2024-02-09,3558.76
CRISILGilt,2024-02-12,3533.26
CRISILGilt,2024-02-13,3537.95
CRISILGilt,2024-02-14,3520.44
CRISILGilt,2024-02-15,3522.08
CRISILGilt,2024-02-16,3504.98
CRISILGilt,2024-02-19,3494.09
CRISILGilt,2024-02-20,3495.93
CRISILGilt,2024-02-21,3495.99
CRISILGilt,2024-02-22,3513.55
CRISILGilt,2024-02-23,3465.75
CRISILGilt,2024-02-26,3466.74
CRISILGilt,2024-02-27,3485.12
CRISILGilt,2024-02-28,3505.81
CRISILGilt,2024-02-29,3510.42
CRISILGilt,2024-03-01,3515.89
CRISILGilt,2024-03-04,3526.94
CRISILGilt,2024-03-05,3508.14
CRISILGilt,2024-03-06,3522.57
CRISILGilt,2024-03-07,3553.11
CRISILGilt,2024-03-08,3552.91
CRISILGilt,2024-03-11,3575.05
CRISILGilt,2024-03-12,3583.34
CRISILGilt,2024-03-13,3603.28
CRISILGilt,2024-03-14,3603.68
CRISILGilt,2024-03-15,3618.1
CRISILGilt,2024-03-18,3609.18
CRISILGilt,2024-03-19,3639.11
CRISILGilt,2024-03-20,3632.5
CRISILGilt,2024-03-21,3611.91
CRISILGilt,2024-03-22,3634.2
CRISILGilt,2024-03-25,3674.83
CRISILGilt,2024-03-26,3656.65
CRISILGilt,2024-03-27,3658.33
CRISILGilt,2024-03-28,3667.37
CRISILGilt,2024-03-29,3665.84
CRISILGilt,2024-04-01,3648.52
CRISILGilt,2024-04-02,3621.58
CRISILGilt,2024-04-03,3642.37
CRISILGilt,2024-04-04,3614.21
CRISILGilt,2024-04-05,3608.51
CRISILGilt,2024-04-08,3619.88
CRISILGilt,2024-04-09,3590.68
CRISILGilt,2024-04-10,3591.93
CRISILGilt,2024-04-11,3599.84
CRISILGilt,2024-04-12,3602.66
CRISILGilt,2024-04-15,3596.78
CRISILGilt,2024-04-16,3601.37
CRISILGilt,2024-04-17,3594.62
CRISILGilt,2024-04-18,3589.96
CRISILGilt,2024-04-19,3539.43
CRISILGilt,2024-04-22,3537.52
CRISILGilt,2024-04-23,3516.97
CRISILGilt,2024-04-24,3524.17
CRISILGilt,2024-04-25,3556.69
CRISILGilt,2024-04-26,3560.57
CRISILGilt,2024-04-29,3558.46
CRISILGilt,2024-04-30,3565.31
CRISILGilt,2024-05-01,3550.46
CRISILGilt,2024-05-02,3593.49
CRISILGilt,2024-05-03,3563.39
CRISILGilt,2024-05-06,3529.14
CRISILGilt,2024-05-07,3539.46
CRISILGilt,2024-05-08,3550.73
CRISILGilt,2024-05-09,3515.5
CRISILGilt,2024-05-10,3515.05
CRISILGilt,2024-05-13,3534.47
CRISILGilt,2024-05-14,3522.36
CRISILGilt,2024-05-15,3492.11
CRISILGilt,2024-05-16,3486.04
CRISILGilt,2024-05-17,3457.14
CRISILGilt,2024-05-20,3448.66
CRISILGilt,2024-05-21,3455.72
CRISILGilt,2024-05-22,3459.97
CRISILGilt,2024-05-23,3433.42
CRISILGilt,2024-05-24,3420.86
CRISILGilt,2024-05-27,3398.3
CRISILGilt,2024-05-28,3405.19
CRISILGilt,2024-05-29,3422.26
CRISILGilt,2024-05-30,3438.41
CRISILGilt,2024-05-31,3423.47
CRISILGilt,2024-06-03,3407.07
CRISILGilt,2024-06-04,3432.9
CRISILGilt,2024-06-05,3398.27
CRISILGilt,2024-06-06,3391.02
CRISILGilt,2024-06-07,3406.41
CRISILGilt,2024-06-10,3395.21
CRISILGilt,2024-06-11,3418.25
CRISILGilt,2024-06-12,3406.15
CRISILGilt,2024-06-13,3428.41
CRISILGilt,2024-06-14,3456.94
CRISILGilt,2024-06-17,3463.96
CRISILGilt,2024-06-18,3442.51
CRISILGilt,2024-06-19,3421.7
CRISILGilt,2024-06-20,3418.45
CRISILGilt,2024-06-21,3416.27
CRISILGilt,2024-06-24,3397.4
CRISILGilt,2024-06-25,3419.91
CRISILGilt,2024-06-26,3423.77
CRISILGilt,2024-06-27,3428.13
CRISILGilt,2024-06-28,3426.14
CRISILGilt,2024-07-01,3440.38
CRISILGilt,2024-07-02,3426.34
CRISILGilt,2024-07-03,3463.59
CRISILGilt,2024-07-04,3442.91
CRISILGilt,2024-07-05,3446.91
CRISILGilt,2024-07-08,3461.96
CRISILGilt,2024-07-09,3476.3
CRISILGilt,2024-07-10,3500.7
CRISILGilt,2024-07-11,3503.64
CRISILGilt,2024-07-12,3518.24
CRISILGilt,2024-07-15,3537.9
CRISILGilt,2024-07-16,3550.09
CRISILGilt,2024-07-17,3531.99
CRISILGilt,2024-07-18,3529.61
CRISILGilt,2024-07-19,3561.56
CRISILGilt,2024-07-22,3572.65
CRISILGilt,2024-07-23,3549.03
CRISILGilt,2024-07-24,3557.89
CRISILGilt,2024-07-25,3573.8
CRISILGilt,2024-07-26,3583.61
CRISILGilt,2024-07-29,3603.14
CRISILGilt,2024-07-30,3593.43
CRISILGilt,2024-07-31,3572.29
CRISILGilt,2024-08-01,3562.32
CRISILGilt,2024-08-02,3565.59
CRISILGilt,2024-08-05,3568.95
CRISILGilt,2024-08-06,3567.86
CRISILGilt,2024-08-07,3618.48
CRISILGilt,2024-08-08,3594.44
CRISILGilt,2024-08-09,3615.48
CRISILGilt,2024-08-12,3618.59
CRISILGilt,2024-08-13,3622.94
CRISILGilt,2024-08-14,3634.93
CRISILGilt,2024-08-15,3647.15
CRISILGilt,2024-08-16,3651.91
CRISILGilt,2024-08-19,3675.57
CRISILGilt,2024-08-20,3657.96
CRISILGilt,2024-08-21,3633.86
CRISILGilt,2024-08-22,3660.85
CRISILGilt,2024-08-23,3653.41
CRISILGilt,2024-08-26,3671.39
CRISILGilt,2024-08-27,3669.84
CRISILGilt,2024-08-28,3683.77
CRISILGilt,2024-08-29,3689.41
CRISILGilt,2024-08-30,3709.78
CRISILGilt,2024-09-02,3702.08
CRISILGilt,2024-09-03,3694.62
CRISILGilt,2024-09-04,3636.59
CRISILGilt,2024-09-05,3623.13
CRISILGilt,2024-09-06,3648.58
CRISILGilt,2024-09-09,3595.3
CRISILGilt,2024-09-10,3566.23
CRISILGilt,2024-09-11,3592.9
CRISILGilt,2024-09-12,3626.04
CRISILGilt,2024-09-13,3620.71
CRISILGilt,2024-09-16,3611.93
CRISILGilt,2024-09-17,3626.35
CRISILGilt,2024-09-18,3651.42
CRISILGilt,2024-09-19,3648.09
CRISILGilt,2024-09-20,3618.44
CRISILGilt,2024-09-23,3623.21
CRISILGilt,2024-09-24,3616.61
CRISILGilt,2024-09-25,3657.47
CRISILGilt,2024-09-26,3647.87
CRISILGilt,2024-09-27,3629.8
CRISILGilt,2024-09-30,3639.36
CRISILGilt,2024-10-01,3629.56
CRISILGilt,2024-10-02,3647.1
CRISILGilt,2024-10-03,3659.84
CRISILGilt,2024-10-04,3652.81
CRISILGilt,2024-10-07,3666.46
CRISILGilt,2024-10-08,3690.27
CRISILGilt,2024-10-09,3702.38
CRISILGilt,2024-10-10,3716.79
CRISILGilt,2024-10-11,3722.71
CRISILGilt,2024-10-14,3707.94
CRISILGilt,2024-10-15,3722.47
CRISILGilt,2024-10-16,3746.04
CRISILGilt,2024-10-17,3743.05
CRISILGilt,2024-10-18,3730.2
CRISILGilt,2024-10-21,3734.39
CRISILGilt,2024-10-22,3754.62
CRISILGilt,2024-10-23,3769.76
CRISILGilt,2024-10-24,3770.8
CRISILGilt,2024-10-25,3785.37
CRISILGilt,2024-10-28,3778.26
CRISILGilt,2024-10-29,3770.04
CRISILGilt,2024-10-30,3788.11
CRISILGilt,2024-10-31,3778.95
CRISILGilt,2024-11-01,3748.42
CRISILGilt,2024-11-04,3744.31
CRISILGilt,2024-11-05,3724.32
CRISILGilt,2024-11-06,3776.95
CRISILGilt,2024-11-07,3753.91
CRISILGilt,2024-11-08,3741.24
CRISILGilt,2024-11-11,3741.75
CRISILGilt,2024-11-12,3762.68
CRISILGilt,2024-11-13,3799.75
CRISILGilt,2024-11-14,3773.98
CRISILGilt,2024-11-15,3785.22
CRISILGilt,2024-11-18,3790.64
CRISILGilt,2024-11-19,3770.4
CRISILGilt,2024-11-20,3770.94
CRISILGilt,2024-11-21,3758.52
CRISILGilt,2024-11-22,3781.76
CRISILGilt,2024-11-25,3800.59
CRISILGilt,2024-11-26,3806.04
CRISILGilt,2024-11-27,3783.66
CRISILGilt,2024-11-28,3798.52
CRISILGilt,2024-11-29,3772.95
CRISILGilt,2024-12-02,3755.47
CRISILGilt,2024-12-03,3774.88
CRISILGilt,2024-12-04,3811.48
CRISILGilt,2024-12-05,3813.03
CRISILGilt,2024-12-06,3843.16
CRISILGilt,2024-12-09,3875.39
CRISILGilt,2024-12-10,3917.06
CRISILGilt,2024-12-11,3921.71
CRISILGilt,2024-12-12,3931.84
CRISILGilt,2024-12-13,3935.73
CRISILGilt,2024-12-16,3944.93
CRISILGilt,2024-12-17,3957.25
CRISILGilt,2024-12-18,3976.58
CRISILGilt,2024-12-19,3962.61
CRISILGilt,2024-12-20,3988.02
CRISILGilt,2024-12-23,3997.34
CRISILGilt,2024-12-24,3975.84
CRISILGilt,2024-12-25,3970.31
CRISILGilt,2024-12-26,3937.68
CRISILGilt,2024-12-27,3930.51
CRISILGilt,2024-12-30,3921.95
CRISILGilt,2024-12-31,3948.37
CRISILGilt,2025-01-01,3949.51
CRISILGilt,2025-01-02,3939.26
CRISILGilt,2025-01-03,3937.06
CRISILGilt,2025-01-06,3961.7
CRISILGilt,2025-01-07,3933.7
CRISILGilt,2025-01-08,3915.76
CRISILGilt,2025-01-09,3903.14
CRISILGilt,2025-01-10,3899.78
CRISILGilt,2025-01-13,3927.54
CRISILGilt,2025-01-14,3943.8
CRISILGilt,2025-01-15,3947.16
CRISILGilt,2025-01-16,3919.59
CRISILGilt,2025-01-17,3934.4
CRISILGilt,2025-01-20,3967.79
CRISILGilt,2025-01-21,3999.6
CRISILGilt,2025-01-22,4012.97
CRISILGilt,2025-01-23,4020.65
CRISILGilt,2025-01-24,4017.53
CRISILGilt,2025-01-27,3992.85
CRISILGilt,2025-01-28,3992.52
CRISILGilt,2025-01-29,3980.85
CRISILGilt,2025-01-30,3967.41
CRISILGilt,2025-01-31,3972.86
CRISILGilt,2025-02-03,3982.4
CRISILGilt,2025-02-04,3992.83
CRISILGilt,2025-02-05,3997.17
CRISILGilt,2025-02-06,4018.22
CRISILGilt,2025-02-07,4001.72
CRISILGilt,2025-02-10,3988.77
CRISILGilt,2025-02-11,3958.88
CRISILGilt,2025-02-12,3973.5
CRISILGilt,2025-02-13,3982.34
CRISILGilt,2025-02-14,3986.62
CRISILGilt,2025-02-17,3970.87
CRISILGilt,2025-02-18,3992.38
CRISILGilt,2025-02-19,3976.57
CRISILGilt,2025-02-20,3971.78
CRISILGilt,2025-02-21,3964.8
CRISILGilt,2025-02-24,3961.09
CRISILGilt,2025-02-25,3938.06
CRISILGilt,2025-02-26,3984.73
CRISILGilt,2025-02-27,4004.27
CRISILGilt,2025-02-28,4011.54
CRISILGilt,2025-03-03,4019.28
CRISILGilt,2025-03-04,4019.17
CRISILGilt,2025-03-05,4029.18
CRISILGilt,2025-03-06,4006.47
CRISILGilt,2025-03-07,4012.58
CRISILGilt,2025-03-10,3989.67
CRISILGilt,2025-03-11,3962.48
CRISILGilt,2025-03-12,3944.82
CRISILGilt,2025-03-13,3918.09
CRISILGilt,2025-03-14,3901.33
CRISILGilt,2025-03-17,3900.89
CRISILGilt,2025-03-18,3891.44
CRISILGilt,2025-03-19,3894.63
CRISILGilt,2025-03-20,3890.8
CRISILGilt,2025-03-21,3951.89
CRISILGilt,2025-03-24,3896.96
CRISILGilt,2025-03-25,3860.1
CRISILGilt,2025-03-26,3890.55
CRISILGilt,2025-03-27,3886.59
CRISILGilt,2025-03-28,3869.72
CRISILGilt,2025-03-31,3891.64
CRISILGilt,2025-04-01,3880.47
CRISILGilt,2025-04-02,3872.23
CRISILGilt,2025-04-03,3853.2
CRISILGilt,2025-04-04,3846.78
CRISILGilt,2025-04-07,3847.28
CRISILGilt,2025-04-08,3890.83
CRISILGilt,2025-04-09,3912.5
CRISILGilt,2025-04-10,3925.77
CRISILGilt,2025-04-11,3930.38
CRISILGilt,2025-04-14,3909.16
CRISILGilt,2025-04-15,3903.9
CRISILGilt,2025-04-16,3911.5
CRISILGilt,2025-04-17,3939.6
CRISILGilt,2025-04-18,3925.57
CRISILGilt,2025-04-21,3977.87
CRISILGilt,2025-04-22,3971.81
CRISILGilt,2025-04-23,3951.14
CRISILGilt,2025-04-24,3924.81
CRISILGilt,2025-04-25,3950.55
CRISILGilt,2025-04-28,3919.58
CRISILGilt,2025-04-29,3938.27
CRISILGilt,2025-04-30,3972.87
CRISILGilt,2025-05-01,3958.8
CRISILGilt,2025-05-02,3992.17
CRISILGilt,2025-05-05,3978.82
CRISILGilt,2025-05-06,3946.64
CRISILGilt,2025-05-07,3960.12
CRISILGilt,2025-05-08,3950.99
CRISILGilt,2025-05-09,3940.17
CRISILGilt,2025-05-12,3930.16
CRISILGilt,2025-05-13,3926.78
CRISILGilt,2025-05-14,3942.79
CRISILGilt,2025-05-15,3984.52
CRISILGilt,2025-05-16,3982.24
CRISILGilt,2025-05-19,3985.75
CRISILGilt,2025-05-20,3955.73
CRISILGilt,2025-05-21,3953.52
CRISILGilt,2025-05-22,3938.53
CRISILGilt,2025-05-23,3925.19
CRISILGilt,2025-05-26,3900.86
CRISILGilt,2025-05-27,3909.24
CRISILGilt,2025-05-28,3927.79
CRISILGilt,2025-05-29,3930.66
CRISILGilt,2025-05-30,3928.87
CRISILGilt,2025-06-02,3919.93
CRISILGilt,2025-06-03,3980.44
CRISILGilt,2025-06-04,3982.85
CRISILGilt,2025-06-05,3981.23
CRISILGilt,2025-06-06,3991.09
CRISILGilt,2025-06-09,3983.31
CRISILGilt,2025-06-10,3947.1
CRISILGilt,2025-06-11,3933.14
CRISILGilt,2025-06-12,3930.21
CRISILGilt,2025-06-13,3924.57
CRISILGilt,2025-06-16,3918.54
CRISILGilt,2025-06-17,3907.55
CRISILGilt,2025-06-18,3906.19
CRISILGilt,2025-06-19,3882.0
CRISILGilt,2025-06-20,3865.21
CRISILGilt,2025-06-23,3883.93
CRISILGilt,2025-06-24,3863.2
CRISILGilt,2025-06-25,3827.59
CRISILGilt,2025-06-26,3841.84
CRISILGilt,2025-06-27,3855.51
CRISILGilt,2025-06-30,3889.96
CRISILGilt,2025-07-01,3892.55
CRISILGilt,2025-07-02,3897.99
CRISILGilt,2025-07-03,3900.23
CRISILGilt,2025-07-04,3896.23
CRISILGilt,2025-07-07,3895.74
CRISILGilt,2025-07-08,3913.62
CRISILGilt,2025-07-09,3918.14
CRISILGilt,2025-07-10,3943.43
CRISILGilt,2025-07-11,3933.11
CRISILGilt,2025-07-14,3923.42
CRISILGilt,2025-07-15,3929.93
CRISILGilt,2025-07-16,3887.53
CRISILGilt,2025-07-17,3911.49
CRISILGilt,2025-07-18,3943.38
CRISILGilt,2025-07-21,3963.75
CRISILGilt,2025-07-22,3949.36
CRISILGilt,2025-07-23,3965.27
CRISILGilt,2025-07-24,3981.26
CRISILGilt,2025-07-25,3993.08
CRISILGilt,2025-07-28,3971.86
CRISILGilt,2025-07-29,3969.81
CRISILGilt,2025-07-30,3915.42
CRISILGilt,2025-07-31,3903.94
CRISILGilt,2025-08-01,3888.19
CRISILGilt,2025-08-04,3871.99
CRISILGilt,2025-08-05,3879.73
CRISILGilt,2025-08-06,3886.0
CRISILGilt,2025-08-07,3883.76
CRISILGilt,2025-08-08,3886.71
CRISILGilt,2025-08-11,3877.92
CRISILGilt,2025-08-12,3870.23
CRISILGilt,2025-08-13,3863.54
CRISILGilt,2025-08-14,3890.32
CRISILGilt,2025-08-15,3881.91
CRISILGilt,2025-08-18,3891.76
CRISILGilt,2025-08-19,3913.85
CRISILGilt,2025-08-20,3942.86
CRISILGilt,2025-08-21,3909.16
CRISILGilt,2025-08-22,3928.53
CRISILGilt,2025-08-25,3934.79
CRISILGilt,2025-08-26,3944.32
CRISILGilt,2025-08-27,3948.89
CRISILGilt,2025-08-28,3959.04
CRISILGilt,2025-08-29,3980.08
CRISILGilt,2025-09-01,3967.84
CRISILGilt,2025-09-02,3958.21
CRISILGilt,2025-09-03,3990.83
CRISILGilt,2025-09-04,4033.24
CRISILGilt,2025-09-05,4060.4
CRISILGilt,2025-09-08,4049.66
CRISILGilt,2025-09-09,4068.64
CRISILGilt,2025-09-10,4106.0
CRISILGilt,2025-09-11,4137.39
CRISILGilt,2025-09-12,4134.55
CRISILGilt,2025-09-15,4115.54
CRISILGilt,2025-09-16,4162.3
CRISILGilt,2025-09-17,4184.45
CRISILGilt,2025-09-18,4155.31
CRISILGilt,2025-09-19,4194.2
CRISILGilt,2025-09-22,4213.11
CRISILGilt,2025-09-23,4219.87
CRISILGilt,2025-09-24,4208.49
CRISILGilt,2025-09-25,4235.3
CRISILGilt,2025-09-26,4210.24
CRISILGilt,2025-09-29,4179.99
CRISILGilt,2025-09-30,4187.44
CRISILGilt,2025-10-01,4207.09
CRISILGilt,2025-10-02,4218.0
CRISILGilt,2025-10-03,4214.15
CRISILGilt,2025-10-06,4209.15
CRISILGilt,2025-10-07,4226.22
CRISILGilt,2025-10-08,4218.81
CRISILGilt,2025-10-09,4223.02
CRISILGilt,2025-10-10,4202.38
CRISILGilt,2025-10-13,4217.8
CRISILGilt,2025-10-14,4206.22
CRISILGilt,2025-10-15,4206.83
CRISILGilt,2025-10-16,4248.03
CRISILGilt,2025-10-17,4241.38
CRISILGilt,2025-10-20,4289.92
CRISILGilt,2025-10-21,4267.62
CRISILGilt,2025-10-22,4252.31
CRISILGilt,2025-10-23,4244.2
CRISILGilt,2025-10-24,4265.84
CRISILGilt,2025-10-27,4278.88
CRISILGilt,2025-10-28,4308.74
CRISILGilt,2025-10-29,4341.51
CRISILGilt,2025-10-30,4314.43
CRISILGilt,2025-10-31,4273.13
CRISILGilt,2025-11-03,4267.53
CRISILGilt,2025-11-04,4265.19
CRISILGilt,2025-11-05,4253.61
CRISILGilt,2025-11-06,4265.69
CRISILGilt,2025-11-07,4290.7
CRISILGilt,2025-11-10,4269.14
CRISILGilt,2025-11-11,4263.09
CRISILGilt,2025-11-12,4295.2
CRISILGilt,2025-11-13,4296.3
CRISILGilt,2025-11-14,4281.94
CRISILGilt,2025-11-17,4284.81
CRISILGilt,2025-11-18,4276.88
CRISILGilt,2025-11-19,4313.72
CRISILGilt,2025-11-20,4316.47
CRISILGilt,2025-11-21,4310.86
CRISILGilt,2025-11-24,4316.63
CRISILGilt,2025-11-25,4313.55
CRISILGilt,2025-11-26,4308.3
CRISILGilt,2025-11-27,4301.51
CRISILGilt,2025-11-28,4329.38
CRISILGilt,2025-12-01,4325.06
CRISILGilt,2025-12-02,4333.28
CRISILGilt,2025-12-03,4322.77
CRISILGilt,2025-12-04,4345.3
CRISILGilt,2025-12-05,4361.48
CRISILGilt,2025-12-08,4341.6
CRISILGilt,2025-12-09,4332.75
CRISILGilt,2025-12-10,4359.01
CRISILGilt,2025-12-11,4360.62
CRISILGilt,2025-12-12,4395.68
CRISILGilt,2025-12-15,4367.8
CRISILGilt,2025-12-16,4375.4
CRISILGilt,2025-12-17,4350.82
CRISILGilt,2025-12-18,4365.44
CRISILGilt,2025-12-19,4381.68
CRISILGilt,2025-12-22,4388.6
CRISILGilt,2025-12-23,4394.73
CRISILGilt,2025-12-24,4407.63
CRISILGilt,2025-12-25,4408.94
CRISILGilt,2025-12-26,4415.91
CRISILGilt,2025-12-29,4388.44
CRISILGilt,2025-12-30,4358.63
CRISILGilt,2025-12-31,4339.19
CRISILGilt,2026-01-01,4368.89
CRISILGilt,2026-01-02,4405.88
CRISILGilt,2026-01-05,4417.08
CRISILGilt,2026-01-06,4419.75
CRISILGilt,2026-01-07,4417.73
CRISILGilt,2026-01-08,4377.64
CRISILGilt,2026-01-09,4341.11
CRISILGilt,2026-01-12,4338.68
CRISILGilt,2026-01-13,4355.11
CRISILGilt,2026-01-14,4337.89
CRISILGilt,2026-01-15,4335.84
CRISILGilt,2026-01-16,4333.81
CRISILGilt,2026-01-19,4337.9
CRISILGilt,2026-01-20,4296.16
CRISILGilt,2026-01-21,4259.59
CRISILGilt,2026-01-22,4284.54
CRISILGilt,2026-01-23,4306.39
CRISILGilt,2026-01-26,4330.99
CRISILGilt,2026-01-27,4354.73
CRISILGilt,2026-01-28,4374.57
CRISILGilt,2026-01-29,4371.14
CRISILGilt,2026-01-30,4373.43
CRISILGilt,2026-02-02,4347.78
CRISILGilt,2026-02-03,4289.28
CRISILGilt,2026-02-04,4309.55
CRISILGilt,2026-02-05,4349.48
CRISILGilt,2026-02-06,4339.73
CRISILGilt,2026-02-09,4327.09
CRISILGilt,2026-02-10,4355.23
CRISILGilt,2026-02-11,4339.44
CRISILGilt,2026-02-12,4355.93
CRISILGilt,2026-02-13,4394.44
CRISILGilt,2026-02-16,4415.45
CRISILGilt,2026-02-17,4398.43
CRISILGilt,2026-02-18,4350.71
CRISILGilt,2026-02-19,4325.19
CRISILGilt,2026-02-20,4273.42
CRISILGilt,2026-02-23,4281.52
CRISILGilt,2026-02-24,4287.81
CRISILGilt,2026-02-25,4290.52
CRISILGilt,2026-02-26,4248.91
CRISILGilt,2026-02-27,4256.72
CRISILGilt,2026-03-02,4268.79
CRISILGilt,2026-03-03,4269.27
CRISILGilt,2026-03-04,4272.97
CRISILGilt,2026-03-05,4292.94
CRISILGilt,2026-03-06,4315.73
CRISILGilt,2026-03-09,4324.3
CRISILGilt,2026-03-10,4368.6
CRISILGilt,2026-03-11,4372.28
CRISILGilt,2026-03-12,4371.52
CRISILGilt,2026-03-13,4350.12
CRISILGilt,2026-03-16,4354.7
CRISILGilt,2026-03-17,4386.98
CRISILGilt,2026-03-18,4379.7
CRISILGilt,2026-03-19,4377.98
CRISILGilt,2026-03-20,4356.5
CRISILGilt,2026-03-23,4375.66
CRISILGilt,2026-03-24,4393.34
CRISILGilt,2026-03-25,4446.21
CRISILGilt,2026-03-26,4455.67
CRISILGilt,2026-03-27,4476.19
CRISILGilt,2026-03-30,4457.53
CRISILGilt,2026-03-31,4461.68
CRISILGilt,2026-04-01,4458.72
CRISILGilt,2026-04-02,4427.14
CRISILGilt,2026-04-03,4402.25
CRISILGilt,2026-04-06,4430.5
CRISILGilt,2026-04-07,4419.73
CRISILGilt,2026-04-08,4425.86
CRISILGilt,2026-04-09,4438.93
CRISILGilt,2026-04-10,4423.44
CRISILGilt,2026-04-13,4469.67
CRISILGilt,2026-04-14,4489.87
CRISILGilt,2026-04-15,4544.04
CRISILGilt,2026-04-16,4570.39
CRISILGilt,2026-04-17,4527.48
CRISILGilt,2026-04-20,4533.17
CRISILGilt,2026-04-21,4540.66
CRISILGilt,2026-04-22,4500.36
CRISILGilt,2026-04-23,4544.02
CRISILGilt,2026-04-24,4534.87
CRISILGilt,2026-04-27,4511.28
CRISILGilt,2026-04-28,4482.43
CRISILGilt,2026-04-29,4505.33
CRISILGilt,2026-04-30,4539.14
CRISILGilt,2026-05-01,4539.88
CRISILGilt,2026-05-04,4550.08
CRISILGilt,2026-05-05,4529.82
CRISILGilt,2026-05-06,4509.85
CRISILGilt,2026-05-07,4525.73
CRISILGilt,2026-05-08,4564.0
CRISILGilt,2026-05-11,4555.61
CRISILGilt,2026-05-12,4536.65
CRISILGilt,2026-05-13,4530.88
CRISILGilt,2026-05-14,4575.4
CRISILGilt,2026-05-15,4589.11
CRISILGilt,2026-05-18,4605.28
CRISILGilt,2026-05-19,4579.66
CRISILGilt,2026-05-20,4591.51
CRISILGilt,2026-05-21,4610.86
CRISILGilt,2026-05-22,4611.53
CRISILGilt,2026-05-25,4640.94
CRISILGilt,2026-05-26,4689.48
CRISILGilt,2026-05-27,4736.0
CRISILGilt,2026-05-28,4721.15
CRISILGilt,2026-05-29,4778.82
